time_s,vx_est,vy_est,vz_est,vx_gt,vy_gt,vz_gt,err_vx,err_vy,err_vz,speed_est,speed_gt,speed_err
0.1000,0.00013,0.00006,0.00000,0.00011,0.00781,-0.00322,0.00002,-0.00775,0.00322,0.00014,0.00845,-0.00831
0.2000,-0.00845,0.00108,-0.00083,-0.00140,0.00904,-0.00169,-0.00705,-0.00796,0.00086,0.00856,0.00930,-0.00074
0.3000,-0.00186,0.00235,0.00283,0.00113,0.00850,-0.00446,-0.00299,-0.00615,0.00729,0.00412,0.00967,-0.00555
0.4000,0.00012,-0.00114,-0.00328,0.00013,0.00837,-0.00337,-0.00001,-0.00951,0.00009,0.00348,0.00902,-0.00555
0.5000,0.00090,-0.00050,0.00183,-0.00206,0.00879,-0.00247,0.00296,-0.00929,0.00430,0.00210,0.00936,-0.00726
0.6000,-0.00060,0.00031,0.00063,0.00218,0.00761,-0.00357,-0.00278,-0.00730,0.00420,0.00092,0.00868,-0.00776
0.7000,0.00049,-0.00151,-0.00109,-0.00237,-0.00247,-0.02987,0.00286,0.00096,0.02878,0.00193,0.03007,-0.02814
0.8000,-0.00032,0.00003,-0.00093,-0.00293,0.00991,-0.00191,0.00261,-0.00988,0.00098,0.00098,0.01051,-0.00952
0.9000,-0.00128,0.00135,0.00177,0.00135,0.00872,-0.00367,-0.00263,-0.00737,0.00544,0.00257,0.00956,-0.00699
1.0000,0.00224,0.00016,-0.00009,0.00146,0.00759,-0.00404,0.00078,-0.00743,0.00395,0.00224,0.00872,-0.00648
1.1000,-0.00966,0.00335,0.00063,-0.00220,0.01040,-0.00079,-0.00746,-0.00705,0.00142,0.01024,0.01066,-0.00042
1.2000,-0.03738,0.02346,0.01778,0.00053,0.00876,-0.00434,-0.03791,0.01470,0.02212,0.04758,0.00979,0.03779
1.3000,-0.12111,0.05374,0.03524,0.00037,0.00837,-0.00283,-0.12148,0.04537,0.03807,0.13710,0.00884,0.12826
1.4000,-0.26360,0.10951,0.05926,-0.00131,0.00896,-0.00250,-0.26229,0.10055,0.06176,0.29153,0.00939,0.28213
1.5000,-0.39171,0.16632,0.05951,0.00016,0.00835,-0.00315,-0.39187,0.15796,0.06266,0.42969,0.00893,0.42077
1.6000,-0.44963,0.19982,0.06182,0.03423,-0.17064,0.07483,-0.48386,0.37046,-0.01301,0.49590,0.18944,0.30646
1.7000,-0.47071,0.19831,0.07229,-0.00041,0.00550,-0.00126,-0.47030,0.19281,0.07355,0.51587,0.00566,0.51021
1.8000,-0.56168,0.23639,0.07460,0.00206,0.00538,-0.00186,-0.56374,0.23101,0.07646,0.61395,0.00605,0.60790
1.9000,-0.69139,0.28720,0.09466,-0.00616,0.00895,-0.00145,-0.68523,0.27825,0.09611,0.75463,0.01096,0.74367
2.0000,-0.82591,0.32684,0.11788,-0.03625,0.02805,0.00759,-0.78966,0.29879,0.11029,0.89602,0.04646,0.84956
2.1000,-0.94137,0.35076,0.10258,-0.11818,0.06807,0.01648,-0.82319,0.28269,0.08610,1.00982,0.13737,0.87244
2.2000,-1.03613,0.36196,0.10371,-0.25274,0.13627,0.02747,-0.78339,0.22569,0.07624,1.10243,0.28845,0.81398
2.3000,-1.15208,0.42218,0.10086,-0.36832,0.20526,0.02430,-0.78376,0.21692,0.07656,1.23114,0.42235,0.80878
2.4000,-1.22102,0.49820,0.16427,-0.42031,0.24237,0.02639,-0.80071,0.25582,0.13789,1.32893,0.48590,0.84303
2.5000,-1.34806,0.58348,0.15662,-0.43834,0.24945,0.02807,-0.90972,0.33403,0.12856,1.47725,0.50513,0.97212
2.6000,-1.46677,0.67248,0.18360,-0.51431,0.28735,0.03086,-0.95246,0.38514,0.15274,1.62399,0.58995,1.03405
2.7001,-1.48514,0.79253,0.18779,-0.76077,0.14617,-0.97240,-0.72437,0.64635,1.16018,1.69381,1.24326,0.45055
2.8001,-1.54250,0.90907,0.18580,-0.77709,0.39788,0.05359,-0.76541,0.51119,0.13220,1.80007,0.87467,0.92539
2.9001,-1.66128,1.04876,0.11637,-0.87201,0.42583,0.05692,-0.78928,0.62293,0.05944,1.96807,0.97209,0.99598
3.0001,-1.86914,1.09840,0.08147,-0.97572,0.45480,0.03754,-0.89342,0.64360,0.04392,2.16951,1.07716,1.09236
3.1002,-2.11501,1.04155,0.15415,-1.06945,0.51077,0.03770,-1.04556,0.53078,0.11645,2.36260,1.18576,1.17684
3.2002,-2.38364,0.87550,0.26257,-1.13892,0.59815,0.07739,-1.24473,0.27735,0.18518,2.55288,1.28876,1.26412
3.3002,-2.47821,0.81057,0.34506,-1.25852,0.68972,0.08249,-1.21969,0.12084,0.26256,2.63014,1.43750,1.19264
3.4002,-2.62573,1.05092,0.17275,-1.34728,0.79533,0.07901,-1.27845,0.25558,0.09374,2.83350,1.56651,1.26699
3.5002,-2.78598,1.25239,0.11588,-1.36872,0.91014,0.07307,-1.41726,0.34225,0.04282,3.05673,1.64532,1.41141
3.6003,-2.95227,1.42312,0.13432,-1.41688,1.02931,0.03397,-1.53539,0.39381,0.10036,3.28012,1.75162,1.52850
3.7003,-3.09954,1.45139,0.22663,-2.16613,-0.21403,-0.67972,-0.93342,1.66542,0.90635,3.43002,2.28034,1.14969
3.8004,-3.24328,1.47789,0.18327,-1.69843,1.23688,-0.09144,-1.54484,0.24101,0.27471,3.56884,2.10307,1.46576
3.9004,-3.33495,1.47565,0.21364,-1.96097,1.19299,-0.00448,-1.37399,0.28266,0.21812,3.65310,2.29535,1.35774
4.0005,-3.36208,1.43938,0.30545,-2.23475,1.05610,0.14667,-1.12733,0.38329,0.15879,3.66998,2.47608,1.19390
4.1005,-3.39358,1.55968,0.35242,-2.35430,1.02584,0.18146,-1.03928,0.53384,0.17096,3.75142,2.57449,1.17693
4.2006,-3.55030,1.65519,0.34655,-2.45375,1.25806,0.00028,-1.09655,0.39713,0.34627,3.93247,2.75746,1.17501
4.3006,-3.57467,1.70526,0.30212,-2.57579,1.46929,-0.07413,-0.99889,0.23598,0.37625,3.97209,2.96631,1.00578
4.4007,-3.60791,1.69981,0.38544,-2.72371,1.65654,-0.04068,-0.88420,0.04328,0.42612,4.00687,3.18816,0.81870
4.5007,-3.72070,1.70902,0.38214,-2.85804,1.70962,-0.01668,-0.86266,-0.00060,0.39882,4.11223,3.33039,0.78184
4.6007,-3.88200,1.74624,0.33722,-2.99291,1.72414,-0.05180,-0.88909,0.02210,0.38902,4.27001,3.45440,0.81562
4.7007,-4.14994,1.68907,0.16591,-4.56315,-1.55647,-0.24345,0.41321,3.24554,0.40936,4.48358,4.82745,-0.34386
4.8007,-4.20924,1.77101,0.31509,-3.13177,1.64723,0.05622,-1.07747,0.12377,0.25888,4.57749,3.53900,1.03849
4.9007,-4.11529,1.98521,0.43698,-3.14823,1.77354,0.08862,-0.96707,0.21167,0.34836,4.58995,3.61450,0.97545
5.0007,-4.13630,2.07377,0.51506,-3.25950,1.84786,0.09666,-0.87680,0.22591,0.41840,4.65562,3.74811,0.90751
5.1008,-4.25799,2.21452,0.40221,-3.29582,1.90133,0.05117,-0.96217,0.31319,0.35103,4.81626,3.80527,1.01098
5.2008,-4.25877,2.25592,0.36704,-3.36970,1.93252,0.04584,-0.88908,0.32340,0.32120,4.83333,3.88479,0.94854
5.3007,-4.33645,2.02599,0.44597,-3.43835,1.94059,0.07732,-0.89810,0.08540,0.36865,4.80711,3.94894,0.85817
5.4008,-4.32619,2.17631,0.33518,-3.57199,1.99123,0.04514,-0.75420,0.18508,0.29004,4.85434,4.08977,0.76458
5.5008,-4.52674,2.26600,0.20090,-3.84134,1.93667,-0.04622,-0.68540,0.32933,0.24711,5.06621,4.30218,0.76403
5.6007,-4.57697,2.25740,0.37756,-3.89458,2.03223,0.04839,-0.68238,0.22517,0.32917,5.11733,4.39319,0.72414
5.7008,-4.56267,2.23334,0.40858,-5.72388,-2.60997,0.27496,1.16121,4.84331,0.13362,5.09634,6.29685,-1.20052
5.8008,-4.51606,2.29267,0.41854,-3.82558,2.22027,0.20185,-0.69047,0.07240,0.21669,5.08196,4.42780,0.65415
5.9008,-4.71796,2.32043,0.24905,-3.89686,2.38655,0.08535,-0.82110,-0.06611,0.16370,5.26361,4.57039,0.69323
6.0008,-4.60254,2.35758,0.40035,-3.97406,2.40768,0.08147,-0.62849,-0.05010,0.31888,5.18670,4.64723,0.53948
6.1008,-4.58945,2.52835,0.31805,-4.00507,2.21125,0.12967,-0.58438,0.31710,0.18838,5.24945,4.57679,0.67266
6.2009,-4.66166,2.63407,0.32411,-4.03139,2.36114,-0.04381,-0.63028,0.27293,0.36792,5.36418,4.67215,0.69204
6.3009,-4.74496,2.52513,0.33536,-4.15783,2.42866,-0.04157,-0.58713,0.09647,0.37693,5.38548,4.81535,0.57012
6.4009,-4.85598,2.42600,0.34115,-4.23607,2.41967,0.09286,-0.61991,0.00632,0.24829,5.43897,4.87932,0.55965
6.5009,-4.88185,2.27421,0.31228,-4.27809,2.41809,0.12418,-0.60376,-0.14388,0.18810,5.39463,4.91575,0.47887
6.6009,-5.02423,2.19020,0.33993,-4.23056,2.50742,0.04726,-0.79367,-0.31723,0.29267,5.49139,4.91804,0.57336
6.7009,-5.25158,2.06476,0.25208,-6.59141,-2.42328,-0.03021,1.33983,4.48804,0.28229,5.64853,7.02281,-1.37429
6.8009,-5.14287,1.69235,0.34996,-4.35137,2.46720,0.05703,-0.79150,-0.77484,0.29293,5.42546,5.00247,0.42299
6.9009,-5.37263,1.45335,0.25540,-4.31967,2.61934,0.04033,-1.05296,-1.16599,0.21507,5.57159,5.05194,0.51965
7.0009,-5.49839,1.35474,0.24048,-4.39132,2.77411,0.00364,-1.10707,-1.41937,0.23684,5.66793,5.19417,0.47376
7.1009,-5.49165,1.45311,0.41283,-4.47771,2.64515,0.01256,-1.01394,-1.19204,0.40027,5.69562,5.20066,0.49497
7.2009,-5.42556,1.49891,0.51651,-4.57945,2.59322,0.03079,-0.84611,-1.09431,0.48572,5.65246,5.26280,0.38965
7.3009,-5.53395,1.49235,0.41125,-4.62455,2.51015,0.03562,-0.90940,-1.01780,0.37563,5.74638,5.26200,0.48438
7.4009,-5.65532,1.54019,0.35287,-4.77571,2.42104,0.05412,-0.87961,-0.88085,0.29875,5.87192,5.35461,0.51731
7.5009,-5.67686,1.45309,0.38478,-4.91073,2.19657,0.04870,-0.76613,-0.74348,0.33608,5.87250,5.37983,0.49267
7.6009,-5.70093,1.70739,0.34745,-5.01489,2.00572,0.03440,-0.68604,-0.29832,0.31306,5.96125,5.40122,0.56003
7.7008,-5.82003,2.04167,0.42176,-7.39728,-2.32090,-0.07856,1.57726,4.36257,0.50032,6.18215,7.75323,-1.57108
7.8008,-5.63331,2.05155,0.32556,-5.32585,1.55125,-0.01456,-0.30747,0.50030,0.34012,6.00409,5.54718,0.45691
7.9008,-5.98934,1.87706,0.49806,-5.31491,1.60181,0.06891,-0.67442,0.27524,0.42915,6.29631,5.55147,0.74484
8.0008,-5.80530,1.92100,0.58510,-5.26410,1.66926,0.14128,-0.54121,0.25174,0.44382,6.14281,5.52423,0.61858
8.1007,-5.95585,1.76540,0.39738,-5.34145,1.60163,0.11175,-0.61441,0.16377,0.28563,6.22469,5.57752,0.64716
8.2007,-6.11909,1.62682,0.34700,-5.36416,1.60633,0.01998,-0.75493,0.02049,0.32701,6.34115,5.59954,0.74160
8.3007,-6.07975,1.55035,0.25955,-5.38929,1.59787,0.00222,-0.69047,-0.04752,0.25733,6.27968,5.62117,0.65850
8.4007,-6.21054,1.41336,0.21546,-5.41601,1.67063,0.06507,-0.79453,-0.25727,0.15039,6.37297,5.66819,0.70478
8.5007,-6.23839,1.32502,0.25802,-5.49974,2.02351,0.07875,-0.73865,-0.69850,0.17927,6.38277,5.86071,0.52206
8.6007,-5.94697,0.66792,0.62234,-5.47591,2.05240,0.12326,-0.47105,-1.38448,0.49908,6.01663,5.84920,0.16743
8.7007,-6.29894,0.73539,0.26742,-6.95417,-1.81449,0.24265,0.65523,2.54987,0.02477,6.34736,7.19109,-0.84373
8.8007,-6.28339,0.46421,0.32047,-5.59678,1.88162,0.04574,-0.68661,-1.41741,0.27473,6.30866,5.90479,0.40387
8.9006,-6.20125,0.72154,0.29952,-5.69871,1.80500,0.02485,-0.50253,-1.08346,0.27467,6.25026,5.97779,0.27248
9.0006,-6.26093,0.80966,0.54577,-5.72776,1.72289,0.00970,-0.53316,-0.91323,0.53607,6.33661,5.98128,0.35533
9.1006,-6.56761,0.65467,0.22942,-5.82694,1.66851,-0.07333,-0.74067,-1.01384,0.30275,6.60415,6.06157,0.54258
9.2006,-6.50801,0.66623,0.12910,-5.94389,1.55972,-0.08402,-0.56413,-0.89349,0.21312,6.54330,6.14569,0.39761
9.3006,-6.41394,0.53265,0.12958,-5.81856,1.28912,0.10231,-0.59538,-0.75646,0.02727,6.43732,5.96053,0.47679
9.4005,-6.61710,0.67468,0.36495,-5.87371,0.94692,0.10525,-0.74339,-0.27224,0.25971,6.66141,5.95047,0.71094
9.5005,-6.59077,0.68530,0.37076,-6.05079,0.83490,-0.05298,-0.53999,-0.14960,0.42374,6.63667,6.10835,0.52832
9.6005,-6.59568,0.08987,0.28899,-6.09154,0.68272,-0.10504,-0.50415,-0.59286,0.39403,6.60262,6.13058,0.47205
9.7006,-6.65057,0.18661,0.02765,-6.64284,-4.13066,-0.67176,-0.00773,4.31728,0.69941,6.65325,7.85118,-1.19793
9.8006,-6.75101,-0.05883,0.14802,-6.21508,0.73692,0.07554,-0.53593,-0.79575,0.07248,6.75289,6.25908,0.49381
9.9005,-6.75226,0.09264,0.50187,-6.31701,0.55631,0.07032,-0.43525,-0.46368,0.43155,6.77152,6.34185,0.42967
10.0005,-6.56556,-0.18179,0.48279,-6.16633,0.54925,-0.02478,-0.39923,-0.73104,0.50758,6.58580,6.19079,0.39501
10.1005,-6.63218,-0.65529,0.20834,-6.20983,0.54187,-0.14479,-0.42235,-1.19716,0.35313,6.66773,6.23511,0.43262
10.2005,-6.58139,-0.87211,0.01459,-6.26299,0.75201,0.04361,-0.31840,-1.62412,-0.02902,6.63894,6.30813,0.33081
10.3005,-6.68014,-1.15912,0.22787,-6.31520,0.74859,0.06642,-0.36494,-1.90771,0.16144,6.78378,6.35976,0.42403
10.4005,-6.60595,-0.67308,0.51121,-6.30803,0.41304,-0.10880,-0.29792,-1.08612,0.62002,6.65981,6.32248,0.33733
10.5005,-6.34566,-0.87266,0.60674,-6.40602,0.29603,-0.19308,0.06036,-1.16870,0.79982,6.43406,6.41577,0.01829
10.6004,-6.63524,-1.18001,0.25495,-6.44542,0.10828,-0.14174,-0.18982,-1.28829,0.39669,6.74417,6.44789,0.29628
10.7005,-6.41339,-0.95847,0.11191,-7.09357,-4.42673,0.53876,0.68018,3.46825,-0.42685,6.48559,8.37884,-1.89325
10.8005,-6.56341,-0.69588,0.28205,-6.34639,-0.15991,0.08328,-0.21701,-0.53597,0.19878,6.60622,6.34895,0.25726
10.9005,-6.38177,-0.49459,0.42571,-6.34628,-0.50602,-0.06537,-0.03549,0.01143,0.49108,6.41505,6.36676,0.04829
11.0006,-6.43968,-0.52948,0.33815,-6.41163,-0.77639,-0.23398,-0.02806,0.24691,0.57213,6.47026,6.46270,0.00756
11.1006,-6.16781,-0.76005,0.22010,-6.38052,-0.98641,-0.07177,0.21271,0.22636,0.29187,6.21836,6.45672,-0.23836
11.2008,-6.16758,-0.82761,0.06852,-6.40250,-0.70058,0.22372,0.23491,-0.12703,-0.15520,6.22324,6.44460,-0.22136
11.3009,-6.47336,-0.86090,0.15982,-6.36923,-0.90112,0.14055,-0.10413,0.04022,0.01927,6.53231,6.43419,0.09812
11.4010,-6.50207,-0.81644,0.16542,-6.26067,-1.03504,-0.08886,-0.24141,0.21860,0.25428,6.55522,6.34627,0.20895
11.5011,-6.52886,-0.51990,0.03722,-6.19674,-0.95548,-0.17992,-0.33212,0.43558,0.21714,6.54963,6.27255,0.27708
11.6013,-6.69108,-0.59489,-0.20047,-6.25088,-0.73389,-0.02174,-0.44020,0.13900,-0.17873,6.72046,6.29385,0.42661
11.7014,-6.88102,-0.98647,-0.34933,-6.11688,-2.44422,-1.04178,-0.76414,1.45775,0.69245,6.96015,6.66901,0.29113
11.8016,-5.91093,-0.36060,0.38613,-6.00215,-0.66214,0.05183,0.09121,0.30154,0.33430,5.93450,6.03878,-0.10428
11.9018,-6.76198,-0.83257,0.21268,-5.96110,-0.71609,-0.09627,-0.80088,-0.11649,0.30894,6.81636,6.00473,0.81163
12.0020,-6.26361,-0.61090,0.12057,-5.92535,-0.75216,-0.16462,-0.33826,0.14126,0.28518,6.29449,5.97517,0.31932
12.1021,-6.31653,-0.85807,0.03399,-5.93753,-0.71650,-0.08129,-0.37900,-0.14157,0.11528,6.37464,5.98116,0.39348
12.2023,-6.24698,-0.91509,0.08759,-6.04835,-0.69171,-0.07688,-0.19863,-0.22338,0.16447,6.31426,6.08826,0.22600
12.3024,-6.29267,-1.04170,0.07517,-6.01203,-0.59044,-0.09908,-0.28064,-0.45126,0.17425,6.37876,6.04177,0.33699
12.4025,-6.07332,-0.75309,0.38288,-6.02767,-0.56219,-0.21271,-0.04566,-0.19090,0.59558,6.13180,6.05756,0.07424
12.5026,-6.33239,-1.24590,0.19291,-5.97445,-0.67739,-0.20286,-0.35795,-0.56851,0.39577,6.45668,6.01615,0.44053
12.6028,-5.97130,-1.16362,0.17554,-5.97188,-0.67488,-0.08747,0.00058,-0.48873,0.26301,6.08616,6.01053,0.07563
12.7028,-6.12290,-1.42544,0.09219,-6.22149,-0.52808,-0.09044,0.09859,-0.89737,0.18262,6.28732,6.24452,0.04280
12.8031,-5.79100,-1.76729,0.29392,-5.96685,-0.67407,-0.09362,0.17585,-1.09322,0.38754,6.06180,6.00553,0.05626
12.9033,-5.71763,-2.06773,0.30859,-5.98641,-0.64280,-0.11326,0.26878,-1.42493,0.42186,6.08785,6.02189,0.06597
13.0034,-5.73135,-2.33079,0.25688,-5.96871,-0.68732,-0.05431,0.23736,-1.64347,0.31119,6.19249,6.00840,0.18409
13.1035,-5.76732,-2.17049,0.15021,-6.06126,-0.91951,-0.04568,0.29394,-1.25098,0.19589,6.16405,6.13078,0.03327
13.2035,-5.76130,-2.79678,-0.12219,-6.02169,-0.90581,-0.01094,0.26039,-1.89097,-0.11125,6.40543,6.08945,0.31598
13.3036,-5.27840,-2.10954,0.16411,-6.00724,-1.08384,-0.03727,0.72883,-1.02571,0.20138,5.68671,6.10434,-0.41763
13.4037,-5.63361,-2.62107,0.04812,-6.01615,-1.34132,-0.09256,0.38254,-1.27976,0.14069,6.21369,6.16455,0.04913
13.5037,-5.71669,-2.40037,0.16751,-6.04138,-1.39722,-0.08239,0.32469,-1.00315,0.24990,6.20245,6.20139,0.00106
13.6039,-5.90357,-2.19826,0.13387,-5.75961,-1.73648,0.04720,-0.14396,-0.46178,0.08667,6.30099,6.01587,0.28511
13.7040,-5.68582,-2.11211,0.36250,-6.06177,-2.49135,0.06886,0.37595,0.37924,0.29364,6.07626,6.55413,-0.47787
13.8042,-5.87490,-1.98457,0.25204,-5.56487,-1.99024,0.08962,-0.31004,0.00567,0.16242,6.20617,5.91074,0.29543
13.9042,-5.77415,-2.07253,0.24879,-5.66251,-1.95975,0.04260,-0.11164,-0.11278,0.20619,6.13988,5.99220,0.14768
14.0042,-5.65402,-2.21391,0.31125,-5.48642,-2.44043,-0.11158,-0.16760,0.22652,0.42284,6.07998,6.00574,0.07424
14.1042,-5.84150,-2.12968,0.28304,-5.44177,-2.46019,-0.03703,-0.39973,0.33051,0.32007,6.22404,5.97217,0.25188
14.2041,-5.89468,-2.20128,0.23695,-5.49796,-2.44919,0.00134,-0.39672,0.24791,0.23561,6.29674,6.01881,0.27793
14.3040,-5.92834,-2.13332,0.28599,-5.57644,-2.46231,0.02219,-0.35191,0.32899,0.26380,6.30699,6.09591,0.21108
14.4039,-5.92430,-2.19364,0.26064,-5.63123,-2.23097,0.01530,-0.29307,0.03734,0.24534,6.32276,6.05708,0.26568
14.5039,-6.13032,-2.13921,0.07785,-5.49353,-2.18691,0.04988,-0.63679,0.04770,0.02796,6.49331,5.91303,0.58028
14.6038,-5.98867,-2.13771,0.24207,-5.60906,-2.04171,-0.00476,-0.37962,-0.09601,0.24683,6.36338,5.96910,0.39429
14.7037,-6.01114,-2.24565,0.02664,-5.91091,-2.95522,0.27267,-0.10023,0.70957,-0.24603,6.41696,6.61411,-0.19715
14.8037,-6.08263,-2.17872,-0.05805,-5.48785,-2.17780,0.05025,-0.59478,-0.00091,-0.10830,6.46131,5.90439,0.55692
14.9036,-5.90212,-2.54011,-0.00424,-5.57875,-2.06740,0.00862,-0.32336,-0.47271,-0.01286,6.42551,5.94951,0.47599
15.0036,-5.70109,-2.46928,0.14956,-5.58594,-2.13683,0.08823,-0.11516,-0.33245,0.06133,6.21467,5.98135,0.23333
15.1037,-5.70356,-2.49169,0.23977,-5.60900,-2.04638,0.13615,-0.09456,-0.44531,0.10362,6.22870,5.97220,0.25650
15.2037,-5.42267,-2.55586,0.25473,-5.62155,-2.24643,0.10102,0.19888,-0.30943,0.15371,6.00022,6.05462,-0.05440
15.3036,-5.43216,-2.69764,0.11511,-5.73445,-2.24077,-0.06167,0.30229,-0.45687,0.17678,6.06621,6.15701,-0.09080
15.4035,-5.76589,-2.47363,0.27439,-5.65668,-2.14784,0.02712,-0.10920,-0.32580,0.24727,6.28009,6.05078,0.22931
15.5033,-5.90771,-2.51578,0.07774,-5.72877,-2.28002,-0.07053,-0.17894,-0.23576,0.14827,6.42154,6.16622,0.25532
15.6032,-5.73228,-3.00111,0.01055,-5.80995,-2.22792,-0.17198,0.07767,-0.77319,0.18253,6.47038,6.22485,0.24553
15.7031,-5.83805,-2.83002,0.16082,-5.72250,-2.63584,-0.18325,-0.11555,-0.19418,0.34408,6.48982,6.30303,0.18679
15.8030,-5.85599,-2.64172,0.06539,-5.39940,-2.37648,-0.05767,-0.45659,-0.26525,0.12306,6.42461,5.89953,0.52508
15.9030,-5.84317,-2.68913,0.02635,-5.48351,-2.35200,0.04501,-0.35966,-0.33714,-0.01866,6.43232,5.96681,0.46551
16.0029,-5.84418,-2.62322,-0.00272,-5.25065,-2.60485,0.06976,-0.59353,-0.01837,-0.07248,6.40591,5.86169,0.54423
16.1028,-5.80504,-2.59949,0.09268,-5.19562,-2.55423,-0.01546,-0.60942,-0.04526,0.10814,6.36116,5.78954,0.57163
16.2027,-5.63300,-2.73392,0.14821,-5.48819,-2.47321,-0.10658,-0.14481,-0.26072,0.25479,6.26315,6.02066,0.24249
16.3026,-5.61524,-2.69688,0.28922,-5.57799,-2.57244,-0.04451,-0.03725,-0.12443,0.33372,6.23600,6.14276,0.09325
16.4026,-5.53974,-2.84827,0.12671,-5.45831,-2.60301,0.07751,-0.08144,-0.24526,0.04920,6.23036,6.04771,0.18266
16.5025,-5.57403,-2.88233,0.01585,-5.49953,-2.57441,0.04995,-0.07450,-0.30791,-0.03411,6.27518,6.07247,0.20271
16.6024,-5.73944,-2.83594,0.18370,-5.50598,-2.63407,0.03104,-0.23346,-0.20187,0.15266,6.40449,6.10370,0.30079
16.7022,-5.68266,-2.55771,0.31182,-5.26290,-2.98213,0.18619,-0.41976,0.42442,0.12563,6.23953,6.05193,0.18760
16.8021,-5.69262,-2.44133,0.45586,-5.53708,-2.53940,-0.14123,-0.15554,0.09808,0.59709,6.21078,6.09325,0.11753
16.9020,-5.84527,-2.51833,0.39549,-5.48845,-2.56961,-0.01839,-0.35682,0.05128,0.41388,6.37696,6.06022,0.31673
17.0019,-6.01310,-2.37646,0.09382,-5.32948,-2.62570,0.13080,-0.68362,0.24924,-0.03698,6.46636,5.94262,0.52373
17.1018,-5.91752,-2.38561,0.04334,-5.31876,-2.60689,0.14806,-0.59876,0.22128,-0.10472,6.38044,5.92512,0.45532
17.2017,-5.92830,-2.24254,0.07279,-5.34124,-2.65315,0.08526,-0.58706,0.41061,-0.01247,6.33869,5.96450,0.37419
17.3016,-6.00868,-2.40898,0.12494,-5.33719,-2.80373,0.01601,-0.67148,0.39475,0.10894,6.47480,6.02883,0.44596
17.4015,-5.77619,-2.71418,0.01997,-5.43828,-2.78457,0.00212,-0.33791,0.07039,0.01785,6.38213,6.10972,0.27240
17.5014,-5.70911,-3.14870,-0.08337,-5.48672,-2.67732,0.12370,-0.22239,-0.47138,-0.20707,6.52037,6.10635,0.41402
17.6013,-5.57923,-3.15839,-0.07539,-5.52760,-2.46886,0.23763,-0.05163,-0.68953,-0.31302,6.41162,6.05855,0.35307
17.7012,-5.49965,-3.49901,-0.03988,-5.82166,-2.50008,0.47793,0.32201,-0.99894,-0.51781,6.51850,6.35378,0.16472
17.8011,-5.39653,-3.74953,0.54238,-5.69557,-2.33755,0.05933,0.29904,-1.41197,0.48305,6.59361,6.15688,0.43672
17.9010,-5.66965,-3.73691,0.08202,-5.69944,-2.31768,-0.03819,0.02979,-1.41924,0.12021,6.79089,6.15278,0.63811
18.0009,-5.56813,-3.62684,-0.03013,-5.75460,-2.27671,-0.02818,0.18647,-1.35014,-0.00195,6.64522,6.18867,0.45656
18.1008,-5.74451,-3.56020,0.00324,-5.72937,-2.38686,-0.02677,-0.01514,-1.17334,0.03001,6.75828,6.20672,0.55156
18.2007,-5.74104,-3.35033,-0.05543,-5.60888,-2.64993,-0.06333,-0.13216,-0.70040,0.00790,6.64736,6.20369,0.44367
18.3006,-5.78082,-3.24424,0.14356,-5.45194,-2.86784,-0.14627,-0.32888,-0.37640,0.28983,6.63050,6.16194,0.46856
18.4005,-5.98597,-3.12368,0.18795,-5.33206,-3.01484,-0.14476,-0.65391,-0.10885,0.33271,6.75459,6.12707,0.62752
18.5004,-6.01901,-3.01204,0.09657,-5.20254,-3.27227,0.00447,-0.81648,0.26023,0.09210,6.73129,6.14607,0.58522
18.6004,-5.91487,-3.08799,-0.00811,-5.03831,-3.34631,0.20413,-0.87656,0.25832,-0.21224,6.67244,6.05178,0.62066
18.7003,-5.91933,-3.13836,-0.07910,-5.32610,-4.03502,-0.16586,-0.59323,0.89667,0.08677,6.70030,6.68403,0.01627
18.8003,-5.97022,-3.01351,-0.01899,-5.11152,-3.38744,-0.02241,-0.85870,0.37393,0.00342,6.68769,6.13212,0.55557
18.9003,-6.05710,-2.91883,0.01351,-5.27485,-3.31108,-0.04436,-0.78226,0.39225,0.05787,6.72371,6.22810,0.49561
19.0002,-6.11233,-2.67910,-0.18389,-5.35371,-3.34799,-0.01701,-0.75862,0.66889,-0.16688,6.67622,6.31439,0.36183
19.1002,-6.39829,-2.46408,0.04177,-5.54158,-3.22933,0.12659,-0.85671,0.76525,-0.08482,6.85649,6.41512,0.44138
19.2002,-6.89130,-2.87168,0.00084,-5.57767,-3.00990,0.11258,-1.31363,0.13822,-0.11174,7.46570,6.33898,1.12672
19.3003,-6.49518,-2.22606,-0.17961,-5.60985,-2.96381,-0.00320,-0.88533,0.73775,-0.17641,6.86840,6.34465,0.52375
19.4003,-6.44085,-2.37744,-0.23712,-5.59662,-3.02396,-0.04707,-0.84422,0.64652,-0.19005,6.86971,6.36151,0.50821
19.5004,-6.83511,-2.08704,-0.25973,-5.60324,-3.02389,-0.10106,-1.23187,0.93685,-0.15867,7.15136,6.36792,0.78344
19.6006,-7.35185,-2.75143,-0.02611,-5.64782,-3.01108,-0.09074,-1.70403,0.25965,0.06463,7.84988,6.40099,1.44889
19.7009,-7.00670,-2.19973,0.33762,-5.83111,-3.00155,-0.08640,-1.17560,0.80181,0.42401,7.35165,6.55885,0.79279
19.8011,-7.11874,-3.17420,-0.19800,-5.79747,-2.76751,-0.08756,-1.32128,-0.40670,-0.11044,7.79687,6.42475,1.37213
19.9014,-6.26304,-2.22784,-0.37278,-5.89434,-2.62307,-0.10224,-0.36870,0.39523,-0.27054,6.65792,6.45246,0.20546
20.0017,-6.32751,-2.47385,0.16759,-5.96327,-2.51350,-0.08754,-0.36424,0.03966,0.25514,6.79599,6.47194,0.32405
20.1020,-6.92897,-2.55608,0.21045,-6.04332,-2.44371,-0.10725,-0.88565,-0.11238,0.31770,7.38840,6.51958,0.86882
20.2023,-7.47645,-3.14984,-0.05160,-6.08780,-2.41499,-0.12210,-1.38865,-0.73484,0.07051,8.11304,6.55045,1.56259
20.3024,-6.22193,-2.79258,-0.07797,-6.16817,-2.48050,-0.16067,-0.05376,-0.31208,0.08270,6.82034,6.65019,0.17015
20.4024,-7.50622,-3.26892,-0.12311,-6.23782,-2.49035,-0.19296,-1.26840,-0.77857,0.06985,8.18806,6.71934,1.46872
20.5023,-6.63805,-2.69704,0.09778,-6.15369,-2.56353,-0.09276,-0.48435,-0.13351,0.19055,7.16570,6.66695,0.49875
20.6023,-7.29345,-2.99280,0.34456,-6.21222,-2.63285,-0.11610,-1.08123,-0.35995,0.46066,7.89114,6.74812,1.14302
20.7023,-7.40057,-2.41816,-0.06403,-6.37668,-3.41856,-0.33571,-1.02389,1.00040,0.27168,7.78588,7.24301,0.54287
20.8022,-6.15912,-2.50383,0.33757,-6.04637,-2.68936,0.00897,-0.11275,0.18553,0.32860,6.65717,6.61750,0.03967
20.9022,-6.59123,-2.70886,-0.00376,-6.12635,-2.50853,0.10094,-0.46488,-0.20033,-0.10470,7.12617,6.62080,0.50536
21.0021,-6.37492,-2.67288,0.05000,-6.25039,-2.62726,0.06323,-0.12453,-0.04562,-0.01323,6.91277,6.78041,0.13236
21.1020,-6.34185,-2.84038,-0.13072,-6.24663,-2.64887,-0.03133,-0.09522,-0.19151,-0.09939,6.95010,6.78512,0.16498
21.2018,-6.36492,-3.32496,-0.27110,-6.32757,-2.79101,-0.10898,-0.03735,-0.53395,-0.16212,7.18617,6.91663,0.26955
21.3017,-6.46636,-3.32842,-0.35513,-6.51305,-2.65126,-0.01854,0.04669,-0.67716,-0.33658,7.28137,7.03203,0.24934
21.4016,-6.35872,-3.43525,-0.24499,-6.45015,-2.53080,0.08998,0.09143,-0.90445,-0.33497,7.23148,6.92947,0.30201
21.5015,-6.09146,-3.75664,-0.31722,-6.44723,-2.38409,0.04834,0.35576,-1.37255,-0.36556,7.16372,6.87408,0.28964
21.6014,-5.77280,-3.84853,-0.46774,-6.33761,-2.43380,0.01162,0.56482,-1.41473,-0.47936,6.95379,6.78888,0.16491
21.7013,-6.20700,-3.81406,-0.55236,-6.54787,-3.06873,-0.14805,0.34087,-0.74533,-0.40431,7.30609,7.23281,0.07328
21.8012,-6.07000,-3.75432,-0.49886,-6.42551,-2.54473,-0.05555,0.35551,-1.20959,-0.44331,7.15462,6.91129,0.24334
21.9012,-6.22766,-3.94765,-0.45021,-6.47317,-2.66660,-0.05922,0.24551,-1.28105,-0.39099,7.38718,7.00115,0.38602
22.0011,-6.34124,-3.96458,-0.32394,-6.43457,-2.85154,-0.07879,0.09333,-1.11304,-0.24514,7.48560,7.03855,0.44705
22.1011,-6.52362,-4.24980,-0.59851,-6.35519,-3.12825,-0.05273,-0.16843,-1.12155,-0.54578,7.80875,7.08358,0.72517
22.2010,-6.68705,-4.01589,-0.30249,-6.22060,-3.25485,-0.10088,-0.46645,-0.76104,-0.20161,7.80613,7.02141,0.78472
22.3009,-6.67443,-3.85723,-0.31758,-6.08700,-3.53907,-0.23562,-0.58743,-0.31816,-0.08196,7.71538,7.04500,0.67038
22.4008,-6.76653,-3.75502,-0.21248,-6.07056,-3.69594,-0.40927,-0.69597,-0.05908,0.19679,7.74153,7.11893,0.62260
22.5008,-7.04433,-3.93834,-0.37016,-6.13126,-3.79785,-0.47864,-0.91307,-0.14049,0.10848,8.07899,7.22808,0.85092
22.6007,-6.76629,-3.71595,-0.24794,-6.12818,-3.78329,-0.39406,-0.63811,0.06734,0.14612,7.72350,7.21271,0.51079
22.7006,-6.97053,-3.95802,-0.36525,-6.62497,-5.07221,-0.45777,-0.34555,1.11419,0.09252,8.02419,8.35626,-0.33208
22.8005,-6.86031,-4.02184,-0.39724,-6.04537,-3.78514,-0.28260,-0.81494,-0.23670,-0.11464,7.96222,7.13819,0.82403
22.9005,-6.85934,-3.81838,-0.39478,-6.04276,-3.74156,-0.33682,-0.81658,-0.07682,-0.05796,7.86043,7.11531,0.74512
23.0004,-7.10332,-4.07169,-0.17615,-6.29895,-3.67595,-0.34474,-0.80437,-0.39573,0.16859,8.18943,7.30125,0.88818
23.1004,-7.77153,-3.85972,-0.29146,-6.35880,-3.68396,-0.26489,-1.41273,-0.17576,-0.02657,8.68211,7.35365,1.32847
23.2003,-6.13929,-4.26745,-0.16251,-6.53513,-3.63070,-0.23392,0.39585,-0.63675,0.07141,7.47853,7.47962,-0.00109
23.3003,-6.63996,-4.15541,-0.15631,-6.57643,-3.61621,-0.17112,-0.06354,-0.53920,0.01481,7.83460,7.50704,0.32756
23.4002,-7.22625,-4.00081,-0.16901,-6.58776,-3.58164,-0.21140,-0.63849,-0.41917,0.04239,8.26158,7.50143,0.76015
23.5002,-7.31287,-3.64053,-0.10080,-6.67817,-3.70506,-0.28762,-0.63470,0.06453,0.18683,8.16956,7.64253,0.52703
23.6002,-7.40244,-3.51820,-0.35085,-6.62342,-3.76451,-0.26191,-0.77902,0.24631,-0.08894,8.20347,7.62298,0.58049
23.7001,-7.46963,-3.38910,-0.14804,-7.02764,-4.27903,-0.42803,-0.44199,0.88993,0.27998,8.20386,8.23900,-0.03514
23.8001,-7.61523,-2.96591,0.02697,-6.75076,-3.71188,-0.16735,-0.86447,0.74597,0.19432,8.17246,7.70576,0.46670
23.9001,-8.20922,-2.44491,-0.04460,-6.78613,-3.68081,-0.22721,-1.42308,1.23590,0.18261,8.56567,7.72344,0.84223
24.0001,-7.92394,-3.13174,-0.13827,-6.74634,-3.86996,-0.20760,-1.17760,0.73822,0.06933,8.52149,7.78028,0.74121
24.1001,-7.91275,-2.98952,0.14235,-6.71768,-3.84210,-0.12671,-1.19506,0.85258,0.26906,8.45985,7.73983,0.72001
24.2000,-8.26628,-2.95143,0.05859,-6.91112,-3.77772,-0.09835,-1.35516,0.82629,0.15694,8.77757,7.87683,0.90074
24.3000,-7.92216,-3.34891,-0.10587,-7.00567,-3.62597,-0.12633,-0.91649,0.27706,0.02046,8.60158,7.88943,0.71215
24.4000,-7.90502,-3.12645,-0.04151,-7.05923,-3.53371,-0.12676,-0.84580,0.40726,0.08525,8.50093,7.89531,0.60562
24.5000,-7.98562,-3.15376,-0.15859,-7.17995,-3.39422,-0.07673,-0.80567,0.24046,-0.08186,8.58728,7.94218,0.64510
24.6000,-8.03458,-3.29480,-0.29313,-7.26209,-3.17525,-0.08049,-0.77248,-0.11955,-0.21264,8.68885,7.92633,0.76252
24.7000,-8.02720,-3.22668,-0.16737,-7.01057,-2.72422,0.55991,-1.01662,-0.50246,-0.72729,8.65306,7.54208,1.11097
24.7999,-7.78167,-3.08013,0.04144,-7.37279,-2.83162,-0.04226,-0.40888,-0.24851,0.08370,8.36919,7.89797,0.47122
24.8999,-7.99589,-3.08548,-0.21645,-7.39928,-2.87206,-0.06567,-0.59660,-0.21341,-0.15078,8.57328,7.93741,0.63588
24.9999,-7.85060,-3.10083,-0.15344,-7.40932,-2.82163,0.01262,-0.44128,-0.27920,-0.16606,8.44219,7.92842,0.51377
25.0999,-7.79080,-3.03708,-0.15899,-7.45644,-2.82839,0.04346,-0.33435,-0.20868,-0.20245,8.36335,7.97498,0.38838
25.1999,-7.97818,-2.90873,-0.21071,-7.48817,-2.82799,0.00666,-0.49000,-0.08073,-0.21738,8.49449,8.00440,0.49010
25.2999,-7.82864,-2.98078,0.23601,-7.51738,-2.84716,-0.10934,-0.31127,-0.13362,0.34535,8.38024,8.03923,0.34101
25.3999,-7.67195,-2.85994,-0.05149,-7.55194,-2.91481,-0.10523,-0.12000,0.05487,0.05374,8.18784,8.09562,0.09222
25.4998,-8.04352,-2.71665,-0.10421,-7.42005,-2.90272,0.03271,-0.62347,0.18607,-0.13693,8.49054,7.96769,0.52285
25.5998,-7.93363,-3.02818,-0.23881,-7.38114,-2.82220,0.07377,-0.55249,-0.20598,-0.31258,8.49526,7.90262,0.59263
25.6998,-8.01065,-2.94084,-0.19846,-7.33062,-2.71735,0.55825,-0.68003,-0.22349,-0.75671,8.53571,7.83796,0.69775
25.7998,-8.21591,-2.77222,-0.15209,-7.40730,-2.87059,-0.09261,-0.80861,0.09837,-0.05949,8.67234,7.94462,0.72773
25.8998,-8.04630,-2.66857,-0.22018,-7.47989,-2.76657,0.05560,-0.56641,0.09800,-0.27578,8.48014,7.97532,0.50481
25.9998,-8.04329,-2.75373,-0.26632,-7.50920,-2.74363,0.08002,-0.53409,-0.01009,-0.34634,8.50579,7.99513,0.51067
26.0998,-8.07121,-2.80776,-0.38522,-7.38658,-2.67460,0.05241,-0.68463,-0.13316,-0.43763,8.55431,7.85607,0.69825
26.1998,-8.20104,-2.26590,0.13636,-7.38126,-2.67241,0.07661,-0.81978,0.40651,0.05974,8.50940,7.85052,0.65888
26.2998,-8.30171,-2.82931,-0.36515,-7.52428,-2.58774,0.05919,-0.77744,-0.24157,-0.42434,8.77820,7.95705,0.82115
26.3998,-8.44093,-2.45409,-0.94188,-7.55826,-2.67140,-0.09535,-0.88266,0.21730,-0.84652,8.84076,8.01703,0.82372
26.4998,-8.35004,-2.19873,-0.40385,-7.52672,-2.69886,-0.08239,-0.82332,0.50013,-0.32147,8.64411,7.99638,0.64773
26.5998,-8.34636,-2.34414,-0.06925,-7.57411,-2.56588,0.00083,-0.77224,0.22175,-0.07008,8.66957,7.99693,0.67263
26.6998,-7.93885,-1.68885,0.23143,-7.16391,-1.87873,-0.62638,-0.77493,0.18988,0.85781,8.11980,7.43261,0.68719
26.7998,-7.96399,-1.62269,0.00240,-7.52436,-2.42526,-0.23899,-0.43963,0.80257,0.24139,8.12762,7.90917,0.21845
26.8998,-8.31906,-1.41434,-0.33689,-7.56030,-2.41388,-0.22053,-0.75876,0.99953,-0.11635,8.44515,7.93937,0.50579
26.9998,-8.60380,-1.16155,-0.28032,-7.59900,-2.20882,-0.04251,-1.00481,1.04727,-0.23780,8.68638,7.91362,0.77276
27.0998,-8.43561,-0.78160,-0.11705,-7.62083,-2.27835,-0.10349,-0.81478,1.49675,-0.01355,8.47256,7.95479,0.51777
27.1998,-7.93525,-0.93830,0.23368,-7.62862,-2.35723,-0.32478,-0.30663,1.41893,0.55846,7.99395,7.99111,0.00284
27.2998,-8.22270,-0.99055,-0.02464,-7.70926,-2.16801,-0.30100,-0.51344,1.17745,0.27636,8.28219,8.01396,0.26823
27.3998,-8.28381,-1.10324,-0.28708,-7.60663,-1.89749,0.02564,-0.67718,0.79425,-0.31272,8.36188,7.83977,0.52211
27.4998,-8.54497,-1.17029,-0.34020,-7.39196,-1.70056,0.22233,-1.15301,0.53027,-0.56253,8.63144,7.58831,1.04314
27.5998,-8.42306,-1.27707,-0.17213,-7.44624,-1.59841,0.05916,-0.97682,0.32134,-0.23129,8.52106,7.61609,0.90497
27.6998,-8.26869,-1.26736,-0.14134,-7.41126,-0.66039,-0.87289,-0.85743,-0.60697,0.73155,8.36644,7.49165,0.87479
27.7998,-8.22128,-1.10878,-0.24498,-7.98671,-1.00623,-0.14715,-0.23456,-0.10255,-0.09782,8.29932,8.05119,0.24813
27.8998,-8.03877,-0.94372,-0.02856,-7.83606,-0.77183,0.10724,-0.20271,-0.17189,-0.13580,8.09403,7.87471,0.21932
27.9997,-8.06909,-0.78574,-0.12432,-7.62964,-0.85974,0.14072,-0.43945,0.07400,-0.26504,8.10821,7.67922,0.42899
28.0997,-8.17391,-0.72536,-0.24183,-7.55826,-0.89217,-0.04246,-0.61565,0.16680,-0.19937,8.20959,7.61085,0.59874
28.1997,-8.14029,-0.84349,-0.20692,-7.68554,-0.91383,-0.19090,-0.45475,0.07034,-0.01602,8.18649,7.74203,0.44446
28.2997,-8.21611,-1.00063,-0.15944,-7.75475,-0.94373,-0.10413,-0.46135,-0.05690,-0.05531,8.27835,7.81266,0.46569
28.3997,-7.99410,-0.95147,-0.27690,-7.71104,-1.06939,-0.00465,-0.28306,0.11792,-0.27225,8.05529,7.78485,0.27044
28.4997,-8.00439,-0.80302,-0.02358,-7.69511,-1.08153,-0.06109,-0.30929,0.27850,0.03751,8.04461,7.77098,0.27363
28.5997,-8.02418,-0.75841,-0.11183,-7.58676,-0.95054,-0.02658,-0.43742,0.19213,-0.08525,8.06072,7.64612,0.41460
28.6997,-8.09227,-0.62228,-0.13535,-7.38099,-0.25287,-0.79623,-0.71129,-0.36941,0.66088,8.11729,7.42811,0.68918
28.7997,-8.06949,-0.74612,-0.24342,-7.65341,-0.65172,-0.05108,-0.41608,-0.09440,-0.19235,8.10757,7.68128,0.42628
28.8997,-8.13662,-0.74816,-0.05897,-7.68691,-0.68436,-0.17045,-0.44971,-0.06380,0.11148,8.17116,7.71920,0.45196
28.9997,-8.26129,-0.75284,-0.25851,-7.74085,-0.73238,-0.17697,-0.52044,-0.02046,-0.08153,8.29955,7.77744,0.52211
29.0996,-8.17805,-0.38115,-0.22283,-7.67154,-0.88353,-0.01684,-0.50651,0.50238,-0.20599,8.18996,7.72227,0.46769
29.1996,-8.24500,-0.40136,-0.15160,-7.62149,-0.79346,-0.03334,-0.62351,0.39211,-0.11826,8.25615,7.66275,0.59340
29.2996,-8.18247,-0.54036,-0.14711,-7.49394,-0.73939,0.00280,-0.68853,0.19903,-0.14991,8.20161,7.53033,0.67128
29.3996,-8.14441,-0.63065,-0.13978,-7.53668,-0.57976,-0.06862,-0.60772,-0.05089,-0.07115,8.16998,7.55926,0.61072
29.4996,-8.28710,-0.31186,-0.26589,-7.59876,-0.51460,-0.05404,-0.68834,0.20274,-0.21185,8.29723,7.61636,0.68087
29.5996,-8.42126,-0.45866,-0.09881,-7.57375,-0.52744,-0.01796,-0.84750,0.06877,-0.08085,8.43432,7.59212,0.84220
29.6996,-8.81145,-0.37626,-0.06994,-7.50916,-0.19404,-0.78193,-1.30230,-0.18222,0.71199,8.81976,7.55225,1.26751
29.7996,-8.52863,-0.37550,-0.33828,-7.66185,-0.59974,-0.05550,-0.86678,0.22424,-0.28277,8.54359,7.68549,0.85810
29.8996,-8.24779,-0.31374,-0.16835,-7.60904,-0.37593,-0.04132,-0.63874,0.06219,-0.12703,8.25547,7.61844,0.63703
29.9996,-7.95954,-0.31873,-0.18819,-7.59920,-0.30718,-0.05526,-0.36034,-0.01155,-0.13293,7.96814,7.60561,0.36254
30.0996,-8.23005,-0.21019,-0.41156,-7.56028,-0.30204,-0.08129,-0.66977,0.09185,-0.33027,8.24301,7.56675,0.67627
30.1996,-8.34030,0.03245,-0.37001,-7.44525,-0.32592,-0.02116,-0.89505,0.35837,-0.34885,8.34856,7.45241,0.89615
30.2996,-8.06268,-0.02006,-0.17055,-7.52885,-0.23939,-0.00678,-0.53384,0.21933,-0.16377,8.06451,7.53266,0.53186
30.3996,-8.17470,-0.20640,-0.17835,-7.56154,-0.31546,0.00936,-0.61316,0.10906,-0.18771,8.17925,7.56813,0.61112
30.4996,-7.97307,-0.28937,-0.33553,-7.64455,-0.32131,-0.11764,-0.32852,0.03194,-0.21789,7.98537,7.65220,0.33317
30.5996,-8.00374,-0.17796,-0.23423,-7.71761,-0.23253,-0.10685,-0.28613,0.05457,-0.12738,8.00914,7.72185,0.28729
30.6996,-7.98076,0.04756,-0.24755,-7.55863,0.17032,-0.67937,-0.42213,-0.12276,0.43182,7.98474,7.59101,0.39373
30.7996,-8.34339,-0.19528,0.00786,-7.64105,-0.20661,-0.04561,-0.70234,0.01133,0.05348,8.34568,7.64398,0.70169
30.8996,-7.85159,0.01214,-0.28877,-7.68115,-0.16898,-0.25308,-0.17044,0.18112,-0.03568,7.85691,7.68718,0.16973
30.9996,-8.03368,0.15458,-0.06116,-7.68267,0.09564,-0.27466,-0.35101,0.05894,0.21350,8.03540,7.68817,0.34723
31.0996,-8.12129,0.25814,-0.19221,-7.63669,0.10716,-0.15621,-0.48460,0.15097,-0.03600,8.12767,7.63904,0.48863
31.1996,-7.92484,-0.01794,-0.09591,-7.62660,0.02293,-0.08224,-0.29825,-0.04087,-0.01366,7.92545,7.62708,0.29837
31.2996,-8.14248,0.13543,-0.39698,-7.52198,-0.14936,-0.07973,-0.62050,0.28478,-0.31724,8.15328,7.52388,0.62939
31.3996,-7.95007,0.18399,-0.28206,-7.62764,-0.08497,-0.09789,-0.32243,0.26896,-0.18416,7.95720,7.62874,0.32846
31.4996,-8.21460,0.27846,-0.43272,-7.78470,0.09506,-0.10126,-0.42990,0.18340,-0.33146,8.23070,7.78594,0.44476
31.5996,-7.86521,0.04302,-0.35908,-7.77099,0.15559,-0.05246,-0.09423,-0.11257,-0.30662,7.87352,7.77272,0.10080
31.6996,-8.09322,0.06580,-0.27014,-7.80656,0.53624,-0.70577,-0.28666,-0.47044,0.43562,8.09799,7.85672,0.24127
31.7996,-8.11328,0.10596,-0.28697,-7.71443,0.10928,0.00266,-0.39885,-0.00332,-0.28963,8.11904,7.71521,0.40384
31.8996,-8.02173,0.26232,-0.29990,-7.68289,0.23114,-0.09071,-0.33884,0.03118,-0.20919,8.03162,7.68690,0.34472
31.9996,-7.84551,0.25356,-0.08568,-7.68173,0.22079,-0.11379,-0.16378,0.03277,0.02811,7.85007,7.68575,0.16433
32.0996,-7.97699,0.04704,-0.14842,-7.67176,0.28334,-0.15162,-0.30524,-0.23630,0.00320,7.97851,7.67849,0.30003
32.1996,-8.11919,-0.02247,-0.25204,-7.72731,0.31010,-0.15054,-0.39188,-0.33256,-0.10150,8.12313,7.73499,0.38813
32.2996,-8.21842,0.06779,-0.11603,-7.69193,0.27049,-0.16832,-0.52650,-0.20271,0.05229,8.21952,7.69852,0.52100
32.3995,-8.29734,0.06603,-0.10131,-7.69241,0.22792,-0.14974,-0.60493,-0.16189,0.04842,8.29822,7.69724,0.60098
32.4995,-8.33140,-0.11428,-0.10060,-7.63014,0.21307,-0.09491,-0.70125,-0.32735,-0.00569,8.33279,7.63371,0.69908
32.5995,-8.92570,0.36947,-0.59558,-7.61364,0.29657,-0.10525,-1.31207,0.07290,-0.49033,8.95318,7.62014,1.33304
32.6995,-8.01332,0.00045,-0.27624,-8.21414,-0.49720,0.92680,0.20082,0.49766,-1.20304,8.01808,8.28120,-0.26312
32.7995,-8.52219,0.14272,-0.43508,-7.56345,0.36619,-0.02882,-0.95874,-0.22347,-0.40626,8.53449,7.57237,0.96212
32.8995,-7.69637,0.17561,0.13006,-7.61599,0.32507,0.01916,-0.08037,-0.14947,0.11090,7.69947,7.62295,0.07651
32.9995,-7.55138,0.41500,-0.08739,-7.64844,0.28634,-0.02041,0.09707,0.12866,-0.06698,7.56328,7.65383,-0.09055
33.0995,-7.59545,0.41058,-0.17067,-7.64502,0.19049,-0.07270,0.04956,0.22009,-0.09798,7.60846,7.64773,-0.03928
33.1995,-7.64094,0.37721,-0.17398,-7.66852,0.21193,-0.00903,0.02758,0.16527,-0.16495,7.65223,7.67145,-0.01923
33.2996,-7.49167,0.48478,-0.20628,-7.63258,0.17518,0.03097,0.14091,0.30960,-0.23725,7.51017,7.63465,-0.12448
33.3996,-7.41248,0.55613,-0.14277,-7.57709,0.24005,-0.02183,0.16461,0.31608,-0.12094,7.43468,7.58092,-0.14624
33.4996,-6.95576,0.46446,0.00629,-7.50514,0.28516,-0.05101,0.54938,0.17930,0.05729,6.97126,7.51073,-0.53947
33.5996,-7.25739,0.61434,-0.25267,-7.44311,0.30541,-0.07149,0.18572,0.30893,-0.18117,7.28773,7.44972,-0.16199
33.6996,-7.38306,0.57843,-0.23689,-7.86972,-0.31288,1.02357,0.48666,0.89131,-1.26046,7.40947,7.94217,-0.53270
33.7996,-7.34038,0.60924,-0.21951,-7.27877,0.45093,-0.01650,-0.06161,0.15830,-0.20301,7.36889,7.29274,0.07615
33.8996,-6.81055,0.79638,-0.09952,-7.23397,0.51797,-0.06717,0.42343,0.27841,-0.03236,6.85767,7.25281,-0.39513
33.9996,-6.84298,0.80374,-0.26417,-7.09473,0.51958,-0.05257,0.25175,0.28416,-0.21160,6.89508,7.11393,-0.21884
34.0996,-6.71770,0.71614,-0.32721,-7.01816,0.50934,-0.03605,0.30046,0.20680,-0.29116,6.76369,7.03671,-0.27302
34.1996,-6.63513,0.70441,-0.35908,-6.94108,0.60339,-0.01517,0.30595,0.10101,-0.34391,6.68207,6.96727,-0.28520
34.2996,-6.39805,0.65942,-0.11964,-6.80682,0.61198,-0.03478,0.40877,0.04743,-0.08486,6.43306,6.83436,-0.40131
34.3997,-6.30643,0.66501,-0.12337,-6.72009,0.63024,-0.02390,0.41366,0.03477,-0.09948,6.34260,6.74962,-0.40703
34.4997,-6.08043,0.54902,-0.18595,-6.62667,0.62118,0.02410,0.54624,-0.07215,-0.21005,6.10800,6.65577,-0.54777
34.5997,-6.01852,0.41857,-0.14198,-6.61772,0.65255,-0.00775,0.59919,-0.23398,-0.13424,6.03473,6.64981,-0.61509
34.6997,-5.94588,0.22916,-0.35172,-6.84192,0.31218,0.75065,0.89604,-0.08302,-1.10237,5.96068,6.89005,-0.92937
34.7997,-5.89852,0.08109,-0.44580,-6.39835,0.88901,-0.08051,0.49982,-0.80792,-0.36530,5.91590,6.46032,-0.54441
34.8997,-5.83449,-0.05364,-0.19705,-6.40002,0.82536,-0.11364,0.56552,-0.87900,-0.08341,5.83807,6.45402,-0.61595
34.9997,-5.73614,-0.26487,-0.18450,-6.27377,0.74267,-0.08567,0.53763,-1.00754,-0.09883,5.74522,6.31815,-0.57294
35.0997,-5.60344,-0.27890,-0.12805,-6.11604,0.73718,-0.07912,0.51260,-1.01607,-0.04894,5.61183,6.16081,-0.54898
35.1997,-5.50687,-0.29217,-0.18587,-6.00925,0.73924,-0.07243,0.50238,-1.03141,-0.11344,5.51774,6.05498,-0.53724
35.2997,-5.25105,-0.54498,-0.19556,-5.92548,0.64767,-0.04952,0.67442,-1.19265,-0.14604,5.28288,5.96097,-0.67809
35.3998,-5.17080,-0.76484,-0.16875,-5.76071,0.55168,0.00701,0.58991,-1.31652,-0.17576,5.22978,5.78707,-0.55729
35.4998,-5.10258,-0.72246,-0.16667,-5.79232,0.39693,-0.12832,0.68974,-1.11939,-0.03835,5.15617,5.80732,-0.65115
35.5998,-5.17674,-0.79795,-0.23266,-5.79213,0.30958,-0.17385,0.61539,-1.10753,-0.05880,5.24304,5.80300,-0.55996
35.6998,-4.95445,-0.58569,-0.25784,-6.04087,-0.24871,0.70131,1.08643,-0.33698,-0.95915,4.99561,6.08653,-1.09092
35.7998,-5.01589,-0.27940,-0.43264,-5.52033,-0.05197,-0.01130,0.50444,-0.22743,-0.42135,5.04226,5.52059,-0.47832
35.8998,-4.77213,-0.27586,-0.36537,-5.46235,-0.00276,-0.00440,0.69023,-0.27310,-0.36097,4.79404,5.46235,-0.66832
35.9998,-4.64472,-0.24947,-0.16573,-5.29830,-0.06134,0.00730,0.65358,-0.18812,-0.17303,4.65436,5.29866,-0.64430
36.0998,-4.53719,-0.15096,-0.19671,-5.15707,-0.36853,-0.08951,0.61988,0.21756,-0.10719,4.54396,5.17100,-0.62704
36.1998,-4.40751,-0.15751,-0.26574,-5.03353,-0.50541,-0.07196,0.62602,0.34790,-0.19379,4.41833,5.05935,-0.64103
36.2999,-4.25204,-0.18715,-0.30271,-4.93974,-0.59390,0.01665,0.68770,0.40675,-0.31935,4.26691,4.97534,-0.70843
36.3999,-4.02709,-0.19635,-0.31962,-4.87602,-0.62445,0.01095,0.84893,0.42811,-0.33057,4.04452,4.91586,-0.87134
36.4999,-3.85536,-0.17854,-0.30782,-4.80821,-0.42699,-0.05953,0.95285,0.24845,-0.24828,3.87175,4.82749,-0.95575
36.5999,-3.73303,-0.17487,-0.30670,-4.79273,-0.20104,-0.18432,1.05970,0.02617,-0.12239,3.74969,4.80048,-1.05080
36.6999,-3.61956,-0.17944,-0.20999,-5.21921,-0.73004,0.73927,1.59965,0.55060,-0.94926,3.63008,5.32162,-1.69154
36.8000,-3.43277,-0.15388,-0.12177,-4.43979,-0.13033,-0.07190,1.00702,-0.02355,-0.04987,3.43837,4.44229,-1.00391
36.9000,-3.33413,-0.10517,-0.16091,-4.35052,-0.07580,-0.07805,1.01638,-0.02937,-0.08286,3.33967,4.35188,-1.01221
37.0000,-3.15050,-0.02786,-0.17963,-4.19415,-0.08609,-0.06610,1.04365,0.05823,-0.11353,3.15574,4.19556,-1.03982
37.1000,-2.95733,-0.06614,-0.10268,-4.06345,-0.08529,-0.12293,1.10612,0.01915,0.02025,2.95985,4.06620,-1.10636
37.2000,-2.82658,-0.05059,-0.16122,-3.90688,-0.06856,-0.16992,1.08030,0.01797,0.00871,2.83163,3.91118,-1.07955
37.3000,-2.69482,-0.04712,-0.17144,-3.70109,-0.08621,-0.17517,1.00627,0.03909,0.00374,2.70068,3.70623,-1.00556
37.4000,-2.60353,-0.10338,-0.13399,-3.58623,-0.11304,-0.16040,0.98269,0.00965,0.02641,2.60903,3.59159,-0.98256
37.5000,-2.49546,-0.10561,-0.12620,-3.49873,-0.10359,-0.09078,1.00327,-0.00202,-0.03543,2.50088,3.50144,-1.00056
37.6000,-2.37015,-0.12975,-0.10879,-3.34459,-0.06710,-0.02277,0.97443,-0.06265,-0.08602,2.37619,3.34534,-0.96914
37.7000,-2.28025,-0.11385,-0.13695,-4.51969,1.10422,-0.92890,2.23944,-1.21807,0.79195,2.28720,4.74445,-2.45725
37.8000,-2.14505,-0.10450,-0.10037,-3.07276,0.00673,-0.06378,0.92771,-0.11123,-0.03659,2.14994,3.07343,-0.92349
37.9001,-2.02914,-0.03782,-0.08192,-2.90940,-0.00852,-0.06359,0.88027,-0.02930,-0.01833,2.03114,2.91011,-0.87897
38.0001,-1.89042,-0.04460,-0.06500,-2.74843,-0.00926,-0.08013,0.85802,-0.03534,0.01513,1.89206,2.74962,-0.85756
38.1001,-1.80611,-0.03540,-0.06104,-2.62898,-0.00316,-0.08309,0.82287,-0.03224,0.02205,1.80748,2.63029,-0.82281
38.2001,-1.68634,-0.02582,-0.08172,-2.52972,-0.03241,-0.05646,0.84338,0.00659,-0.02526,1.68852,2.53056,-0.84204
38.3001,-1.60464,-0.04384,-0.06055,-2.41905,-0.04072,-0.04161,0.81441,-0.00312,-0.01894,1.60638,2.41975,-0.81337
38.4001,-1.45864,-0.02695,-0.04610,-2.29100,-0.06710,-0.05214,0.83236,0.04015,0.00604,1.45961,2.29257,-0.83296
38.5001,-1.36535,-0.00855,-0.04822,-2.18791,-0.06537,-0.05683,0.82255,0.05682,0.00861,1.36623,2.18962,-0.82339
38.6001,-1.27524,-0.01729,-0.06499,-2.06707,-0.05203,-0.03612,0.79183,0.03474,-0.02887,1.27701,2.06804,-0.79103
38.7001,-1.19573,-0.01355,-0.04972,-3.96326,-0.47865,0.25173,2.76753,0.46510,-0.30144,1.19684,3.99999,-2.80314
38.8001,-1.09825,-0.02536,-0.07364,-1.85231,0.00541,-0.01424,0.75406,-0.03077,-0.05940,1.10101,1.85237,-0.75136
38.9001,-1.01920,-0.01387,-0.05554,-1.74048,0.00131,-0.02134,0.72128,-0.01518,-0.03420,1.02081,1.74062,-0.71981
39.0001,-0.87511,-0.00527,-0.07165,-1.65157,0.00319,-0.01656,0.77646,-0.00846,-0.05509,0.87805,1.65166,-0.77361
39.1001,-0.81019,0.01610,-0.03875,-1.53803,0.00085,-0.00735,0.72784,0.01525,-0.03140,0.81127,1.53805,-0.72678
39.2001,-0.68414,0.01042,-0.03422,-1.41567,0.00186,-0.00005,0.73153,0.00856,-0.03417,0.68508,1.41567,-0.73059
39.3001,-0.60604,-0.00515,-0.00974,-1.31480,0.01411,-0.01671,0.70876,-0.01926,0.00697,0.60614,1.31498,-0.70885
39.4001,-0.52868,-0.00601,-0.02259,-1.23828,0.00474,-0.02307,0.70960,-0.01075,0.00048,0.52920,1.23850,-0.70931
39.5001,-0.40831,-0.01150,-0.01973,-1.14389,0.00318,-0.01794,0.73558,-0.01468,-0.00179,0.40895,1.14404,-0.73508
39.6001,-0.32443,0.00069,-0.01587,-1.05681,-0.00182,-0.01831,0.73238,0.00251,0.00244,0.32482,1.05697,-0.73216
39.7001,-0.22809,0.00319,-0.01572,-2.47963,0.01061,0.19694,2.25154,-0.00742,-0.21266,0.22865,2.48746,-2.25881
39.8001,-0.13386,-0.00837,-0.00665,-0.87690,0.00840,-0.03165,0.74303,-0.01677,0.02500,0.13429,0.87751,-0.74322
39.9001,-0.01750,-0.01310,0.00578,-0.77330,0.02351,-0.01920,0.75580,-0.03661,0.02498,0.02261,0.77389,-0.75128
40.0001,0.03621,0.00103,0.00592,-0.67903,0.01971,-0.01136,0.71524,-0.01868,0.01728,0.03670,0.67941,-0.64271
40.1000,0.04823,-0.00035,0.02658,-0.58809,0.01106,-0.00442,0.63633,-0.01141,0.03100,0.05507,0.58821,-0.53314
40.2000,0.01645,-0.00408,0.01086,-0.50833,0.00345,-0.01077,0.52478,-0.00753,0.02163,0.02013,0.50846,-0.48832
40.3000,-0.00258,-0.00316,0.00025,-0.41396,-0.00124,-0.00990,0.41138,-0.00192,0.01015,0.00408,0.41408,-0.41000
40.4001,-0.00023,-0.00256,0.00273,-0.31614,-0.00390,-0.00683,0.31591,0.00134,0.00956,0.00375,0.31624,-0.31249
40.5001,0.00676,-0.00267,-0.00129,-0.22195,0.00054,-0.00955,0.22870,-0.00321,0.00826,0.00738,0.22215,-0.21477
40.6001,-0.00005,0.00244,0.00141,-0.12529,-0.00439,-0.00583,0.12524,0.00683,0.00724,0.00282,0.12550,-0.12269
40.7000,-0.00091,0.00085,0.00257,-0.11329,0.05591,-0.01774,0.11238,-0.05506,0.02031,0.00285,0.12758,-0.12472
40.8000,0.00409,0.00019,-0.00413,0.03752,-0.00244,-0.00208,-0.03343,0.00263,-0.00205,0.00581,0.03766,-0.03184
40.9000,0.00202,-0.00224,0.00313,0.06068,-0.00277,0.00808,-0.05866,0.00053,-0.00495,0.00434,0.06128,-0.05694
41.0000,-0.00397,-0.00149,-0.00075,0.02832,-0.00611,0.00801,-0.03229,0.00462,-0.00876,0.00431,0.03006,-0.02575
41.1000,0.00470,-0.00130,0.00175,0.00796,-0.00615,0.00189,-0.00326,0.00485,-0.00014,0.00518,0.01024,-0.00505
41.2000,0.00091,0.00025,-0.00452,0.00809,-0.00568,-0.00245,-0.00718,0.00593,-0.00207,0.00462,0.01018,-0.00556
41.3000,-0.00148,0.00055,0.00267,0.01238,-0.00487,-0.00418,-0.01386,0.00542,0.00685,0.00310,0.01394,-0.01084
41.4000,0.00258,0.00010,-0.00249,0.01179,-0.00076,-0.00427,-0.00921,0.00086,0.00178,0.00359,0.01256,-0.00898
41.5000,0.00230,-0.00058,0.00455,0.00559,-0.00089,-0.00182,-0.00329,0.00031,0.00637,0.00513,0.00595,-0.00081
41.6000,-0.00192,0.00017,0.00037,0.01088,-0.00180,-0.00385,-0.01280,0.00197,0.00422,0.00196,0.01168,-0.00972
41.7000,0.00025,0.00161,-0.00241,-1.33086,0.01521,0.20186,1.33111,-0.01360,-0.20427,0.00291,1.34617,-1.34326
41.8000,0.00254,0.00106,0.00244,0.00359,-0.00167,-0.00221,-0.00105,0.00273,0.00465,0.00367,0.00453,-0.00086
41.9000,-0.00254,-0.00108,-0.00052,0.00551,-0.00087,-0.00290,-0.00805,-0.00021,0.00238,0.00280,0.00629,-0.00348
42.0000,0.00145,-0.00031,-0.00149,0.00816,-0.00038,-0.00424,-0.00672,0.00007,0.00275,0.00210,0.00920,-0.00710
42.1000,0.00133,-0.00152,0.00209,0.00372,-0.00008,-0.00120,-0.00239,-0.00144,0.00329,0.00291,0.00391,-0.00100
42.2000,-0.00483,0.00090,-0.00201,0.00713,0.00014,-0.00494,-0.01196,0.00076,0.00293,0.00531,0.00868,-0.00336
42.3000,0.00262,0.00055,-0.00224,0.00704,0.00021,-0.00243,-0.00442,0.00034,0.00019,0.00349,0.00745,-0.00396
42.4000,0.00180,-0.00083,0.00334,0.00440,-0.00080,-0.00262,-0.00260,-0.00003,0.00596,0.00388,0.00518,-0.00130
42.5000,-0.00125,0.00023,0.00040,0.00688,0.00009,-0.00353,-0.00813,0.00014,0.00393,0.00133,0.00773,-0.00640
42.6000,0.00113,0.00099,-0.00279,0.00700,0.00045,-0.00327,-0.00587,0.00054,0.00048,0.00316,0.00774,-0.00458
42.7000,0.00067,-0.00157,0.00004,-0.05634,0.03906,0.00732,0.05701,-0.04063,-0.00728,0.00171,0.06894,-0.06724
42.8000,0.00013,0.00003,0.00192,0.00705,0.00101,-0.00382,-0.00692,-0.00098,0.00574,0.00193,0.00808,-0.00616
42.9000,0.00140,-0.00021,-0.00070,0.00665,0.00144,-0.00268,-0.00525,-0.00165,0.00198,0.00158,0.00731,-0.00573
43.0000,-0.00257,-0.00116,-0.00253,0.00433,0.00140,-0.00296,-0.00690,-0.00256,0.00043,0.00379,0.00543,-0.00164
43.1000,-0.00235,0.00133,0.00262,0.00709,0.00220,-0.00319,-0.00944,-0.00087,0.00581,0.00377,0.00808,-0.00431
43.2000,0.00131,0.00308,-0.00183,0.00725,0.00222,-0.00400,-0.00594,0.00086,0.00217,0.00381,0.00857,-0.00476
43.3000,0.00279,0.00102,0.00094,0.00434,0.00192,-0.00124,-0.00155,-0.00090,0.00218,0.00312,0.00491,-0.00179
43.4000,-0.00198,-0.00114,0.00114,0.00837,0.00183,-0.00494,-0.01035,-0.00297,0.00608,0.00255,0.00989,-0.00734
43.5000,0.00149,-0.00186,-0.00160,0.00685,0.00157,-0.00301,-0.00536,-0.00343,0.00141,0.00287,0.00765,-0.00478
43.6000,0.00030,-0.00104,-0.00157,0.00480,0.00220,-0.00285,-0.00450,-0.00324,0.00128,0.00191,0.00600,-0.00409
43.7000,-0.00419,0.00135,-0.00031,-0.04100,0.02882,-0.01739,0.03681,-0.02747,0.01708,0.00441,0.05305,-0.04864
43.8000,0.00346,0.00167,-0.00385,0.00665,0.00205,-0.00450,-0.00319,-0.00038,0.00065,0.00543,0.00829,-0.00285
43.9000,0.00240,-0.00063,0.00446,0.00378,0.00381,-0.00156,-0.00138,-0.00444,0.00602,0.00511,0.00559,-0.00048
44.0000,-0.00285,0.00091,0.00073,0.00892,0.00661,-0.00454,-0.01177,-0.00570,0.00527,0.00308,0.01199,-0.00891
44.1000,0.00288,-0.00044,-0.00129,0.00761,0.00706,-0.00309,-0.00473,-0.00750,0.00180,0.00319,0.01083,-0.00764
44.2000,-0.00148,0.00057,0.00075,0.00427,0.00333,-0.00223,-0.00575,-0.00276,0.00298,0.00175,0.00586,-0.00410
44.3000,-0.00274,0.00009,0.00266,0.00837,0.00217,-0.00340,-0.01111,-0.00208,0.00606,0.00382,0.00929,-0.00547
44.4001,0.00344,-0.00062,-0.00406,0.00874,0.00329,-0.00431,-0.00530,-0.00391,0.00025,0.00536,0.01028,-0.00493
44.5001,-0.00103,-0.00501,0.00310,0.00387,0.00493,-0.00216,-0.00490,-0.00994,0.00526,0.00598,0.00663,-0.00065
44.6001,0.00045,-0.00357,-0.00023,0.00838,0.00549,-0.00495,-0.00793,-0.00906,0.00472,0.00360,0.01117,-0.00757
44.7001,0.00219,-0.00062,-0.00050,-0.06117,0.02528,0.02870,0.06336,-0.02590,-0.02920,0.00233,0.07214,-0.06981
44.8001,-0.00377,0.00486,0.00169,0.00502,0.00467,-0.00377,-0.00879,0.00019,0.00546,0.00638,0.00782,-0.00145
44.9001,0.00203,0.00175,-0.00131,0.00751,0.00525,-0.00366,-0.00548,-0.00350,0.00235,0.00298,0.00987,-0.00688
45.0001,0.00051,-0.00082,-0.00068,0.00760,0.00528,-0.00453,-0.00709,-0.00610,0.00385,0.00117,0.01030,-0.00913
45.1001,-0.00179,-0.00086,0.00142,0.00281,0.00566,-0.00070,-0.00460,-0.00652,0.00212,0.00244,0.00636,-0.00392
45.2001,0.00057,-0.00043,0.00019,0.00895,0.00422,-0.00579,-0.00838,-0.00465,0.00598,0.00073,0.01146,-0.01073
45.3001,0.00158,0.00206,-0.00108,0.00741,0.00036,-0.00397,-0.00583,0.00170,0.00289,0.00282,0.00841,-0.00560
45.4000,-0.00233,0.00165,0.00259,0.00517,0.00107,-0.00151,-0.00750,0.00058,0.00410,0.00385,0.00549,-0.00164
45.5000,-0.00162,-0.00017,-0.00068,0.00955,0.00567,-0.00524,-0.01117,-0.00584,0.00456,0.00176,0.01228,-0.01052
45.6000,0.00060,-0.00191,-0.00255,0.00582,0.00879,-0.00314,-0.00522,-0.01070,0.00059,0.00324,0.01100,-0.00775
45.7000,-0.00111,-0.00209,0.00161,-0.04912,0.00483,-0.05494,0.04801,-0.00692,0.05655,0.00287,0.07385,-0.07099
45.8000,-0.00040,0.00202,-0.00088,0.00860,0.00507,-0.00515,-0.00900,-0.00305,0.00427,0.00225,0.01123,-0.00899
45.9000,-0.00122,0.00323,-0.00088,0.00685,0.00498,-0.00355,-0.00807,-0.00175,0.00267,0.00356,0.00918,-0.00562
46.0000,-0.00205,0.00066,0.00141,0.00571,0.00604,-0.00221,-0.00776,-0.00538,0.00362,0.00258,0.00860,-0.00602
46.1000,0.00066,-0.00224,-0.00129,0.01057,0.00813,-0.00564,-0.00991,-0.01037,0.00435,0.00267,0.01448,-0.01181
46.2000,-0.00053,-0.00001,-0.00114,0.00699,0.00817,-0.00369,-0.00752,-0.00818,0.00255,0.00126,0.01137,-0.01011
46.3000,-0.00218,0.00115,0.00043,0.00383,0.00677,-0.00207,-0.00601,-0.00562,0.00250,0.00251,0.00805,-0.00554
46.4001,-0.00060,0.00175,0.00096,0.01033,0.00388,-0.00518,-0.01093,-0.00213,0.00613,0.00208,0.01219,-0.01010
46.5001,0.00240,-0.00075,-0.00199,0.00851,0.00371,-0.00428,-0.00611,-0.00446,0.00229,0.00321,0.01022,-0.00701
46.6001,-0.00640,-0.00108,0.00320,0.00590,0.00848,-0.00242,-0.01230,-0.00956,0.00562,0.00723,0.01061,-0.00338
46.7001,-0.00324,0.00059,-0.00289,-0.04593,0.00166,0.02947,0.04269,-0.00107,-0.03236,0.00438,0.05460,-0.05022
46.8001,0.00038,-0.00088,-0.00178,0.00768,0.00786,-0.00344,-0.00730,-0.00874,0.00166,0.00203,0.01152,-0.00949
46.9001,-0.00055,0.00057,0.00121,0.00691,0.00561,-0.00252,-0.00746,-0.00504,0.00373,0.00145,0.00925,-0.00780
47.0001,0.00115,0.00124,0.00294,0.00924,0.00602,-0.00534,-0.00809,-0.00478,0.00828,0.00339,0.01225,-0.00886
47.1001,0.00052,-0.00047,-0.00254,0.00834,0.00800,-0.00351,-0.00782,-0.00847,0.00097,0.00263,0.01208,-0.00945
47.2001,-0.00077,-0.00093,0.00371,0.00585,0.00823,-0.00288,-0.00662,-0.00916,0.00659,0.00390,0.01050,-0.00660
47.3001,0.00092,-0.00051,-0.00241,0.01040,0.00744,-0.00535,-0.00948,-0.00795,0.00294,0.00263,0.01386,-0.01123
47.4000,0.00012,0.00151,0.00143,0.00417,0.00643,-0.00319,-0.00405,-0.00492,0.00462,0.00208,0.00830,-0.00622
47.5000,0.00006,0.00094,-0.00011,0.00392,0.00679,-0.00349,-0.00386,-0.00585,0.00338,0.00095,0.00858,-0.00763
47.6000,-0.00123,0.00052,0.00128,0.00954,0.00694,-0.00509,-0.01077,-0.00642,0.00637,0.00185,0.01285,-0.01100
47.7000,0.00115,-0.00053,-0.00057,-0.06298,-0.03872,-0.01027,0.06413,0.03819,0.00970,0.00139,0.07464,-0.07325
47.8000,0.00123,-0.00014,-0.00284,0.00677,0.00894,-0.00279,-0.00554,-0.00908,-0.00005,0.00310,0.01156,-0.00846
47.9000,-0.00346,0.00015,0.00251,0.01024,0.00744,-0.00543,-0.01370,-0.00729,0.00794,0.00427,0.01377,-0.00950
48.0000,0.00214,-0.00138,-0.00182,0.00827,0.00713,-0.00304,-0.00613,-0.00851,0.00122,0.00313,0.01133,-0.00821
48.1000,0.00102,-0.00075,-0.00116,0.00708,0.00751,-0.00353,-0.00606,-0.00826,0.00237,0.00171,0.01091,-0.00919
48.2000,-0.00253,0.00031,0.00355,0.01028,0.00798,-0.00485,-0.01281,-0.00767,0.00840,0.00437,0.01389,-0.00952
48.3000,0.00353,0.00042,-0.00409,0.00900,0.00820,-0.00432,-0.00547,-0.00778,0.00023,0.00542,0.01292,-0.00750
48.4000,-0.00099,0.00103,0.00294,0.00723,0.00808,-0.00318,-0.00822,-0.00705,0.00612,0.00327,0.01130,-0.00803
48.5000,-0.00088,-0.00118,-0.00021,0.01003,0.00777,-0.00420,-0.01091,-0.00895,0.00399,0.00149,0.01336,-0.01188
48.6000,0.00218,0.00031,-0.00203,-0.46990,-0.29466,-0.07251,0.47208,0.29497,0.07048,0.00300,0.55936,-0.55636
48.7000,-0.00211,0.00113,0.00266,-0.00168,0.00114,-0.00427,-0.00043,-0.00001,0.00693,0.00358,0.00473,-0.00115
48.8000,-0.00162,0.00023,-0.00214,-0.00037,0.00112,-0.00382,-0.00125,-0.00089,0.00168,0.00270,0.00400,-0.00130
48.9000,0.00357,-0.00027,0.00095,0.00169,0.00075,-0.00599,0.00188,-0.00102,0.00694,0.00371,0.00627,-0.00256
49.0000,0.00102,-0.00077,0.00076,-0.00183,0.00140,-0.00359,0.00285,-0.00217,0.00435,0.00149,0.00427,-0.00278
49.1000,-0.00184,0.00176,0.00250,0.00106,0.00229,-0.00535,-0.00290,-0.00053,0.00785,0.00357,0.00592,-0.00235
49.2000,0.00213,-0.00102,-0.00146,0.00089,0.00157,-0.00488,0.00124,-0.00259,0.00342,0.00278,0.00520,-0.00242
49.3000,0.00012,-0.00261,-0.00168,-0.00150,0.00108,-0.00322,0.00162,-0.00369,0.00154,0.00311,0.00371,-0.00061
49.4000,-0.00420,0.00119,0.00021,0.00193,0.00159,-0.00589,-0.00613,-0.00040,0.00610,0.00437,0.00640,-0.00203
49.5000,0.00473,0.00170,-0.00054,0.00042,0.00178,-0.00484,0.00431,-0.00008,0.00430,0.00506,0.00517,-0.00011
49.6000,0.00080,-0.00026,0.00068,0.19621,-0.06324,-0.06215,-0.19541,0.06298,0.06283,0.00108,0.21531,-0.21423
49.7000,-0.00305,-0.00007,0.00195,0.00476,-0.00018,-0.00658,-0.00781,0.00011,0.00853,0.00362,0.00812,-0.00450
49.8000,0.00284,0.00112,-0.00321,0.00434,0.00076,-0.00562,-0.00150,0.00036,0.00241,0.00443,0.00714,-0.00271
49.9000,0.00138,-0.00054,0.00126,0.00238,0.00136,-0.00527,-0.00100,-0.00190,0.00653,0.00194,0.00594,-0.00400
50.0000,-0.00409,0.00094,-0.00076,0.00429,-0.00064,-0.00586,-0.00838,0.00158,0.00510,0.00426,0.00729,-0.00303
50.1000,0.00040,-0.00131,0.00150,0.00489,-0.00123,-0.00671,-0.00449,-0.00008,0.00821,0.00203,0.00839,-0.00636
50.2000,0.00375,-0.00063,-0.00394,0.00240,0.00033,-0.00513,0.00135,-0.00096,0.00119,0.00547,0.00567,-0.00020
50.3000,-0.00306,0.00062,0.00661,0.00622,0.00373,-0.00528,-0.00928,-0.00311,0.01189,0.00731,0.00897,-0.00166
50.4000,-0.00115,-0.00197,-0.00265,0.00496,0.00092,-0.00694,-0.00611,-0.00289,0.00430,0.00349,0.00858,-0.00509
50.5000,-0.00007,0.00217,-0.00139,0.00280,-0.00031,-0.00487,-0.00287,0.00248,0.00348,0.00257,0.00563,-0.00305
50.6000,0.00130,-0.00145,0.00268,0.00570,0.00268,-0.00481,-0.00440,-0.00413,0.00749,0.00331,0.00793,-0.00461
50.7000,0.00047,-0.00001,-0.00037,-0.05085,0.01141,0.01725,0.05132,-0.01142,-0.01763,0.00060,0.05490,-0.05430
50.8000,0.00071,0.00123,-0.00001,0.00397,0.00261,-0.00476,-0.00326,-0.00138,0.00475,0.00142,0.00673,-0.00531
50.9000,-0.00260,0.00032,0.00021,0.00309,-0.00040,-0.00472,-0.00569,0.00072,0.00493,0.00263,0.00566,-0.00303
51.0000,-0.00114,0.00446,-0.00012,0.00867,0.00081,-0.00740,-0.00981,0.00365,0.00728,0.00461,0.01143,-0.00682
51.1000,0.00385,-0.00110,0.00137,0.00321,0.00147,-0.00551,0.00064,-0.00257,0.00688,0.00423,0.00654,-0.00231
51.2000,0.00011,-0.00221,-0.00315,0.00254,0.00008,-0.00454,-0.00243,-0.00229,0.00139,0.00385,0.00520,-0.00135
51.3000,-0.00329,0.00013,0.00191,0.00747,0.00236,-0.00654,-0.01076,-0.00223,0.00845,0.00381,0.01020,-0.00640
51.4000,0.00222,-0.00051,-0.00041,0.00653,0.00129,-0.00586,-0.00431,-0.00180,0.00545,0.00231,0.00887,-0.00655
51.5000,0.00065,0.00121,-0.00254,0.00518,0.00149,-0.00591,-0.00453,-0.00028,0.00337,0.00289,0.00800,-0.00511
51.6000,-0.00482,-0.00009,0.00326,0.00725,0.00305,-0.00617,-0.01207,-0.00314,0.00943,0.00582,0.01000,-0.00417
51.7000,0.00321,-0.00083,-0.00375,-0.04256,0.00747,0.03825,0.04577,-0.00830,-0.04200,0.00500,0.05771,-0.05270
51.8000,-0.00008,0.00056,-0.00018,0.00487,0.00588,-0.00710,-0.00495,-0.00532,0.00692,0.00059,0.01043,-0.00983
51.9000,-0.00190,0.00013,0.00108,0.00884,0.00119,-0.00445,-0.01074,-0.00106,0.00553,0.00220,0.00997,-0.00777
52.0000,0.00150,0.00083,-0.00183,0.00589,0.00057,-0.00652,-0.00439,0.00026,0.00469,0.00251,0.00880,-0.00629
52.1000,-0.00066,0.00045,0.00071,0.00521,0.00196,-0.00667,-0.00587,-0.00151,0.00738,0.00107,0.00869,-0.00762
52.2000,-0.00297,-0.00060,-0.00070,0.00637,0.00175,-0.00394,-0.00934,-0.00235,0.00324,0.00311,0.00769,-0.00458
52.3000,-0.00023,0.00019,-0.00014,0.00910,0.00327,-0.00740,-0.00933,-0.00308,0.00726,0.00033,0.01218,-0.01184
52.4000,0.00095,-0.00003,-0.00186,0.00411,0.00148,-0.00501,-0.00317,-0.00151,0.00315,0.00209,0.00665,-0.00456
52.5000,-0.00286,0.00035,0.00373,0.00745,0.00232,-0.00593,-0.01031,-0.00197,0.00966,0.00471,0.00980,-0.00509
52.6000,0.00336,-0.00061,-0.00528,-0.14336,-0.03947,0.07444,0.14672,0.03886,-0.07972,0.00629,0.16629,-0.16000
52.7000,-0.00255,-0.00004,0.00541,0.00294,0.00171,-0.00360,-0.00549,-0.00175,0.00901,0.00598,0.00495,0.00103
52.8000,0.00070,-0.00053,-0.00242,0.00584,0.00259,-0.00642,-0.00514,-0.00312,0.00400,0.00257,0.00906,-0.00649
52.9000,0.00195,0.00101,0.00170,0.00642,0.00212,-0.00469,-0.00447,-0.00111,0.00639,0.00277,0.00823,-0.00545
53.0000,-0.00152,-0.00059,-0.00012,0.00432,0.00125,-0.00536,-0.00584,-0.00184,0.00524,0.00163,0.00700,-0.00537
53.1000,-0.00195,-0.00047,0.00035,0.00467,0.00184,-0.00410,-0.00662,-0.00231,0.00445,0.00204,0.00648,-0.00444
53.2000,0.00037,0.00020,0.00030,0.00775,0.00203,-0.00631,-0.00738,-0.00183,0.00661,0.00052,0.01020,-0.00968
53.3000,0.00005,-0.00011,-0.00089,0.00464,0.00145,-0.00466,-0.00459,-0.00156,0.00377,0.00090,0.00673,-0.00583
53.4000,-0.00270,0.00202,-0.00061,0.00644,0.00179,-0.00594,-0.00914,0.00023,0.00533,0.00343,0.00894,-0.00552
53.5000,0.00234,-0.00011,0.00298,0.00604,0.00139,-0.00552,-0.00370,-0.00150,0.00850,0.00379,0.00830,-0.00451
53.6000,0.00065,-0.00186,-0.00286,0.00480,0.00219,-0.00312,-0.00415,-0.00405,0.00026,0.00347,0.00613,-0.00266
53.7000,-0.00281,-0.00029,0.00189,-0.05252,0.00105,0.02605,0.04971,-0.00134,-0.02416,0.00340,0.05863,-0.05524
53.8000,0.00120,0.00026,-0.00117,0.00606,0.00265,-0.00396,-0.00486,-0.00239,0.00279,0.00170,0.00771,-0.00601
53.9000,0.00024,0.00018,-0.00152,0.00516,0.00149,-0.00516,-0.00492,-0.00131,0.00364,0.00155,0.00745,-0.00590
54.0000,-0.00255,0.00018,0.00225,0.00777,0.00165,-0.00511,-0.01032,-0.00147,0.00736,0.00341,0.00944,-0.00604
54.1000,0.00110,-0.00006,-0.00043,0.00766,0.00334,-0.00514,-0.00656,-0.00340,0.00471,0.00119,0.00981,-0.00862
54.2000,0.00077,0.00071,0.00046,0.00535,0.00361,-0.00446,-0.00458,-0.00290,0.00492,0.00114,0.00785,-0.00670
54.3000,-0.00142,0.00006,0.00132,0.00764,0.00251,-0.00419,-0.00906,-0.00245,0.00551,0.00194,0.00907,-0.00713
54.4000,0.00003,-0.00006,-0.00050,0.00793,0.00189,-0.00626,-0.00790,-0.00195,0.00576,0.00050,0.01028,-0.00978
54.5000,-0.00040,0.00096,-0.00277,0.00654,0.00259,-0.00493,-0.00694,-0.00163,0.00216,0.00296,0.00859,-0.00563
54.6000,0.00079,-0.00060,0.00153,0.00704,0.00324,-0.00374,-0.00625,-0.00384,0.00527,0.00182,0.00861,-0.00678
54.7000,-0.00320,-0.00040,-0.00286,-0.04910,0.01477,0.01016,0.04590,-0.01517,-0.01302,0.00431,0.05227,-0.04796
54.8000,0.00214,0.00019,0.00293,0.00665,0.00245,-0.00476,-0.00451,-0.00226,0.00769,0.00363,0.00854,-0.00491
54.9000,-0.00021,0.00071,-0.00242,0.00670,0.00283,-0.00399,-0.00691,-0.00212,0.00157,0.00253,0.00830,-0.00576
55.0000,-0.00320,0.00027,0.00160,0.00984,0.00291,-0.00665,-0.01304,-0.00264,0.00825,0.00359,0.01223,-0.00864
55.1000,0.00292,-0.00087,-0.00325,0.00805,0.00285,-0.00509,-0.00513,-0.00372,0.00184,0.00446,0.00994,-0.00548
55.2000,-0.00094,-0.00070,0.00215,0.00634,0.00328,-0.00327,-0.00728,-0.00398,0.00542,0.00245,0.00785,-0.00540
55.3000,-0.00201,0.00145,0.00192,0.01035,0.00346,-0.00726,-0.01236,-0.00201,0.00918,0.00314,0.01311,-0.00997
55.4000,0.00319,-0.00043,-0.00208,0.00879,0.00291,-0.00420,-0.00560,-0.00334,0.00212,0.00383,0.01017,-0.00633
55.5000,-0.00079,0.00059,0.00150,0.00724,0.00225,-0.00551,-0.00803,-0.00166,0.00701,0.00179,0.00937,-0.00758
55.6000,-0.00213,-0.00077,-0.00013,0.00896,0.00287,-0.00407,-0.01109,-0.00364,0.00394,0.00227,0.01025,-0.00798
55.7000,0.00355,0.00000,-0.00282,-0.07058,-0.00650,0.01165,0.07413,0.00650,-0.01447,0.00453,0.07183,-0.06730
55.8000,0.00021,0.00037,0.00239,0.00673,0.00350,-0.00364,-0.00652,-0.00313,0.00603,0.00243,0.00841,-0.00599
55.9000,-0.00187,-0.00084,0.00020,0.01080,0.00305,-0.00620,-0.01267,-0.00389,0.00640,0.00206,0.01282,-0.01076
56.0000,0.00110,0.00031,-0.00108,0.00950,0.00298,-0.00508,-0.00840,-0.00267,0.00400,0.00158,0.01118,-0.00960
56.1000,0.00168,0.00003,0.00060,0.00783,0.00369,-0.00574,-0.00615,-0.00366,0.00634,0.00178,0.01039,-0.00861
56.2000,-0.00304,0.00008,0.00244,0.01061,0.00438,-0.00502,-0.01365,-0.00430,0.00746,0.00390,0.01253,-0.00863
56.3000,0.00137,-0.00068,-0.00115,0.01023,0.00335,-0.00600,-0.00886,-0.00403,0.00485,0.00191,0.01232,-0.01041
56.4000,0.00110,-0.00002,-0.00427,0.00735,0.00341,-0.00375,-0.00625,-0.00343,-0.00052,0.00441,0.00893,-0.00451
56.5000,-0.00132,0.00017,0.00485,0.01177,0.00416,-0.00661,-0.01309,-0.00399,0.01146,0.00503,0.01413,-0.00910
56.6000,0.00132,0.00001,-0.00315,0.01045,0.00408,-0.00514,-0.00913,-0.00407,0.00199,0.00342,0.01234,-0.00892
56.7000,0.00136,0.00026,-0.00157,-0.07162,0.00393,0.01146,0.07298,-0.00367,-0.01303,0.00209,0.07264,-0.07055
56.8000,-0.00134,-0.00002,0.00830,0.01115,0.00379,-0.00595,-0.01249,-0.00381,0.01425,0.00841,0.01319,-0.00478
56.9000,0.00255,0.00002,-0.00551,0.01107,0.00410,-0.00550,-0.00852,-0.00408,-0.00001,0.00607,0.01302,-0.00695
57.0000,-0.00005,-0.00099,0.00184,0.00883,0.00428,-0.00517,-0.00888,-0.00527,0.00701,0.00209,0.01109,-0.00901
57.1000,-0.00358,-0.00012,0.00263,0.01084,0.00468,-0.00453,-0.01442,-0.00480,0.00716,0.00444,0.01265,-0.00820
57.2000,0.00269,-0.00121,-0.00433,0.01177,0.00392,-0.00654,-0.00908,-0.00513,0.00221,0.00524,0.01402,-0.00878
57.3000,0.00120,-0.00119,0.00052,0.01029,0.00477,-0.00521,-0.00909,-0.00596,0.00573,0.00177,0.01248,-0.01071
57.4000,-0.00461,0.00356,0.00373,0.01031,0.00522,-0.00417,-0.01493,-0.00166,0.00790,0.00692,0.01229,-0.00537
57.5000,0.00286,0.00055,-0.00445,0.01283,0.00511,-0.00709,-0.00997,-0.00456,0.00264,0.00532,0.01552,-0.01021
57.6000,0.00075,0.00091,0.00235,0.00924,0.00401,-0.00341,-0.00849,-0.00310,0.00576,0.00263,0.01063,-0.00800
57.7000,-0.00198,-0.00110,-0.00169,-0.08361,-0.00919,0.01574,0.08163,0.00809,-0.01743,0.00283,0.08557,-0.08274
57.8000,0.00282,-0.00195,0.00172,0.01234,0.00388,-0.00543,-0.00952,-0.00583,0.00715,0.00384,0.01403,-0.01019
57.9000,-0.00091,0.00122,0.00191,0.00856,0.00526,-0.00416,-0.00947,-0.00404,0.00607,0.00245,0.01087,-0.00843
58.0000,-0.00207,0.00053,0.00012,0.01347,0.00459,-0.00630,-0.01554,-0.00406,0.00642,0.00214,0.01556,-0.01342
58.1000,0.00154,-0.00032,-0.00340,0.01330,0.00440,-0.00565,-0.01176,-0.00472,0.00225,0.00375,0.01511,-0.01136
58.2000,0.00145,-0.00073,0.00290,0.00913,0.00726,-0.00389,-0.00768,-0.00799,0.00679,0.00333,0.01230,-0.00897
58.3000,-0.00166,-0.00044,0.00178,0.01365,0.00687,-0.00625,-0.01531,-0.00731,0.00803,0.00247,0.01651,-0.01404
58.4000,0.00111,0.00050,-0.00444,0.01447,0.00623,-0.00520,-0.01336,-0.00573,0.00076,0.00461,0.01659,-0.01198
58.5000,0.00134,-0.00115,0.00042,0.01083,0.00425,-0.00403,-0.00949,-0.00540,0.00445,0.00181,0.01231,-0.01050
58.6000,-0.00144,0.00138,0.00136,0.01300,0.00438,-0.00646,-0.01444,-0.00300,0.00782,0.00241,0.01516,-0.01275
58.7000,0.00021,0.00206,-0.00136,-0.07720,-0.00210,0.02274,0.07741,0.00416,-0.02410,0.00247,0.08051,-0.07803
58.8000,0.00226,0.00155,-0.00026,0.01097,0.00609,-0.00463,-0.00871,-0.00454,0.00437,0.00275,0.01337,-0.01062
58.9000,-0.00271,-0.00091,0.00369,0.01344,0.00531,-0.00567,-0.01615,-0.00622,0.00936,0.00467,0.01552,-0.01086
59.0000,0.00219,-0.00292,-0.00395,0.01471,0.00459,-0.00599,-0.01252,-0.00751,0.00204,0.00538,0.01653,-0.01116
59.1000,-0.00094,-0.00034,0.00140,0.01134,0.00516,-0.00354,-0.01228,-0.00550,0.00494,0.00172,0.01295,-0.01123
59.2000,-0.00266,0.00244,0.00055,0.01403,0.00615,-0.00705,-0.01669,-0.00371,0.00760,0.00365,0.01686,-0.01321
59.3000,0.00252,0.00167,-0.00016,0.01452,0.00480,-0.00456,-0.01200,-0.00313,0.00440,0.00302,0.01596,-0.01293
59.4000,0.00174,-0.00031,0.00075,0.01269,0.00642,-0.00560,-0.01095,-0.00673,0.00635,0.00192,0.01528,-0.01336
59.5000,-0.00104,-0.00046,0.00192,0.01270,0.00737,-0.00417,-0.01374,-0.00784,0.00609,0.00223,0.01527,-0.01304
59.6000,0.00141,-0.00060,0.00076,0.01503,0.00760,-0.00653,-0.01362,-0.00820,0.00729,0.00171,0.01806,-0.01635
59.7000,-0.00139,0.00042,-0.00458,-0.10882,0.00142,0.01111,0.10743,-0.00100,-0.01569,0.00480,0.10939,-0.10459
59.8000,-0.00022,-0.00081,0.00504,0.01439,0.00375,-0.00501,-0.01461,-0.00456,0.01005,0.00510,0.01569,-0.01059
59.9000,0.00064,0.00016,-0.00331,0.01457,0.00606,-0.00641,-0.01393,-0.00590,0.00310,0.00338,0.01703,-0.01365
60.0000,0.00148,0.00051,-0.00079,0.01334,0.00725,-0.00505,-0.01186,-0.00674,0.00426,0.00175,0.01600,-0.01425
60.1000,-0.00135,0.00026,0.00140,0.01327,0.00823,-0.00454,-0.01462,-0.00797,0.00594,0.00196,0.01626,-0.01430
60.2000,0.00212,-0.00084,0.00134,0.01549,0.00639,-0.00683,-0.01337,-0.00723,0.00817,0.00264,0.01809,-0.01545
60.3000,0.00002,0.00140,-0.00108,0.01367,0.00533,-0.00530,-0.01365,-0.00393,0.00422,0.00177,0.01560,-0.01383
60.4000,-0.00194,0.00055,0.00295,0.01393,0.00678,-0.00478,-0.01587,-0.00623,0.00773,0.00357,0.01621,-0.01264
60.4997,0.00052,0.00026,-0.00284,0.01597,0.00556,-0.00694,-0.01546,-0.00530,0.00410,0.00290,0.01828,-0.01539
60.5997,0.00226,-0.00185,-0.00165,0.01349,0.00613,-0.00556,-0.01123,-0.00798,0.00391,0.00335,0.01583,-0.01247
60.6997,-0.00405,-0.00064,0.00308,-0.09462,-0.01101,0.03540,0.09057,0.01037,-0.03232,0.00512,0.10162,-0.09650
60.7997,0.00159,0.00065,-0.00433,0.01618,0.00608,-0.00683,-0.01459,-0.00543,0.00250,0.00466,0.01859,-0.01393
60.8997,0.00243,0.00004,0.00367,0.01369,0.00590,-0.00583,-0.01126,-0.00586,0.00950,0.00440,0.01601,-0.01161
60.9997,-0.00326,-0.00047,0.00047,0.01411,0.00686,-0.00501,-0.01737,-0.00733,0.00548,0.00333,0.01647,-0.01314
61.0997,0.00164,-0.00072,-0.00476,0.01645,0.00751,-0.00732,-0.01481,-0.00823,0.00256,0.00509,0.01951,-0.01442
61.1997,0.00214,0.00055,0.00117,0.01460,0.00680,-0.00589,-0.01246,-0.00625,0.00706,0.00250,0.01715,-0.01465
61.2997,-0.00240,0.00199,0.00355,0.01384,0.00649,-0.00508,-0.01624,-0.00450,0.00863,0.00473,0.01611,-0.01138
61.3997,0.00186,-0.00059,0.00059,0.01781,0.00541,-0.00749,-0.01595,-0.00600,0.00808,0.00204,0.02006,-0.01802
61.4997,-0.00086,-0.00138,-0.00210,0.01349,0.00603,-0.00598,-0.01435,-0.00741,0.00388,0.00265,0.01594,-0.01328
61.5997,-0.00109,0.00055,0.00209,0.01527,0.00744,-0.00629,-0.01636,-0.00689,0.00838,0.00242,0.01811,-0.01569
61.6997,0.00083,0.00093,0.00074,-0.10949,-0.02589,0.01311,0.11032,0.02682,-0.01237,0.00145,0.11327,-0.11182
61.7997,0.00065,0.00067,-0.00257,0.01398,0.00580,-0.00583,-0.01333,-0.00513,0.00326,0.00273,0.01622,-0.01349
61.8997,-0.00156,0.00023,0.00129,0.01538,0.00659,-0.00651,-0.01694,-0.00636,0.00780,0.00204,0.01795,-0.01591
61.9997,0.00040,-0.00183,-0.00146,0.01726,0.00790,-0.00709,-0.01686,-0.00973,0.00563,0.00238,0.02026,-0.01788
62.0997,0.00259,0.00005,0.00025,0.01444,0.00786,-0.00582,-0.01185,-0.00781,0.00607,0.00260,0.01744,-0.01484
62.1997,-0.00167,0.00085,0.00060,0.01597,0.00686,-0.00642,-0.01764,-0.00601,0.00702,0.00197,0.01853,-0.01656
62.2997,-0.00106,-0.00019,-0.00186,0.01701,0.00608,-0.00747,-0.01807,-0.00627,0.00561,0.00215,0.01955,-0.01740
62.3997,0.00333,-0.00061,0.00199,0.01562,0.00716,-0.00696,-0.01229,-0.00777,0.00895,0.00392,0.01854,-0.01462
62.4997,-0.00332,0.00059,-0.00108,0.01489,0.00838,-0.00539,-0.01821,-0.00778,0.00431,0.00354,0.01791,-0.01437
62.5997,-0.00097,0.00098,0.00154,0.01769,0.00786,-0.00841,-0.01866,-0.00688,0.00995,0.00206,0.02111,-0.01904
62.6997,0.00332,0.00019,-0.00296,-0.12546,-0.00490,0.04401,0.12877,0.00509,-0.04697,0.00445,0.13305,-0.12860
62.7997,-0.00186,-0.00018,0.00355,0.01424,0.00726,-0.00536,-0.01610,-0.00744,0.00891,0.00401,0.01686,-0.01285
62.8997,0.00118,-0.00132,-0.00178,0.01797,0.00771,-0.00840,-0.01679,-0.00903,0.00662,0.00251,0.02128,-0.01877
62.9997,0.00062,0.00071,-0.00015,0.01676,0.00826,-0.00669,-0.01614,-0.00755,0.00654,0.00095,0.01985,-0.01889
63.0997,-0.00014,-0.00075,0.00059,0.01431,0.00788,-0.00592,-0.01445,-0.00863,0.00651,0.00096,0.01738,-0.01641
63.1997,-0.00107,-0.00020,0.00016,0.01804,0.00770,-0.00800,-0.01911,-0.00790,0.00816,0.00110,0.02118,-0.02008
63.2997,0.00273,0.00065,-0.00184,0.01739,0.00802,-0.00747,-0.01466,-0.00737,0.00563,0.00336,0.02056,-0.01720
63.3997,-0.00131,0.00070,0.00165,0.01408,0.00831,-0.00552,-0.01539,-0.00761,0.00717,0.00222,0.01726,-0.01504
63.4998,0.00049,-0.00060,0.00031,0.01932,0.00850,-0.00904,-0.01883,-0.00910,0.00935,0.00083,0.02296,-0.02213
63.5998,0.00153,0.00024,-0.00327,0.01590,0.00782,-0.00761,-0.01437,-0.00758,0.00434,0.00362,0.01928,-0.01566
63.6998,-0.00204,-0.00047,0.00317,-0.12912,-0.01575,-0.00178,0.12708,0.01528,0.00495,0.00380,0.13009,-0.12629
63.7998,0.00123,-0.00036,-0.00069,0.01845,0.00831,-0.00925,-0.01722,-0.00867,0.00856,0.00146,0.02225,-0.02079
63.8998,0.00080,-0.00025,-0.00134,0.01705,0.00849,-0.00678,-0.01625,-0.00874,0.00544,0.00158,0.02022,-0.01864
63.9998,-0.00390,0.00119,0.00144,0.01503,0.00883,-0.00667,-0.01893,-0.00764,0.00811,0.00432,0.01866,-0.01434
64.0998,0.00263,-0.00056,-0.00240,0.01881,0.00884,-0.00868,-0.01618,-0.00940,0.00628,0.00361,0.02252,-0.01892
64.1998,0.00143,0.00004,0.00291,0.01773,0.00840,-0.00814,-0.01630,-0.00836,0.01105,0.00324,0.02124,-0.01800
64.2998,-0.00301,-0.00159,0.00002,0.01507,0.00863,-0.00648,-0.01808,-0.01022,0.00650,0.00341,0.01854,-0.01513
64.3998,0.00154,0.00054,-0.00028,0.02004,0.00904,-0.00970,-0.01850,-0.00850,0.00942,0.00166,0.02403,-0.02237
64.4998,-0.00160,-0.00017,-0.00280,0.01686,0.00869,-0.00796,-0.01847,-0.00886,0.00516,0.00323,0.02057,-0.01734
64.5998,-0.00078,0.00040,-0.00030,0.01653,0.00901,-0.00684,-0.01731,-0.00861,0.00654,0.00093,0.02003,-0.01910
64.6998,0.00161,0.00020,-0.00114,-0.13141,-0.03327,0.03686,0.13302,0.03347,-0.03800,0.00198,0.14048,-0.13849
64.7998,0.00038,-0.00053,-0.00052,0.01613,0.00894,-0.00752,-0.01575,-0.00947,0.00700,0.00084,0.01992,-0.01908
64.8998,-0.00059,-0.00099,0.00383,0.01748,0.00951,-0.00807,-0.01807,-0.01050,0.01190,0.00400,0.02147,-0.01748
64.9998,0.00160,0.00004,-0.00062,0.01941,0.00964,-0.00892,-0.01781,-0.00960,0.00830,0.00171,0.02344,-0.02172
65.0998,-0.00091,0.00072,-0.00297,0.01611,0.00902,-0.00738,-0.01702,-0.00830,0.00441,0.00319,0.01988,-0.01670
65.1998,-0.00169,0.00086,0.00383,0.01849,0.00953,-0.00883,-0.02018,-0.00867,0.01266,0.00428,0.02260,-0.01832
65.2998,0.00575,-0.00264,-0.00287,0.01894,0.00949,-0.00862,-0.01319,-0.01213,0.00575,0.00695,0.02287,-0.01592
65.3998,-0.00116,-0.00037,0.00240,0.01694,0.01034,-0.00812,-0.01810,-0.01071,0.01052,0.00269,0.02144,-0.01875
65.4998,0.00048,0.00013,0.00001,0.01863,0.01040,-0.00768,-0.01814,-0.01027,0.00769,0.00050,0.02267,-0.02217
65.5998,0.00354,-0.00017,-0.00139,0.01961,0.00926,-0.00897,-0.01607,-0.00944,0.00758,0.00381,0.02347,-0.01966
65.6998,-0.00216,-0.00000,0.00300,-0.13579,-0.02660,0.03806,0.13363,0.02660,-0.03506,0.00370,0.14351,-0.13981
65.7998,0.00242,-0.00114,-0.00153,0.01824,0.01073,-0.00824,-0.01582,-0.01187,0.00671,0.00308,0.02271,-0.01963
65.8998,-0.00184,0.00252,0.00028,0.01965,0.01103,-0.00926,-0.02149,-0.00851,0.00954,0.00313,0.02436,-0.02123
65.9998,0.00130,-0.00124,-0.00159,0.01648,0.00997,-0.00676,-0.01518,-0.01121,0.00517,0.00240,0.02041,-0.01802
66.0998,-0.00194,0.00109,0.00399,0.01983,0.00998,-0.00946,-0.02177,-0.00889,0.01345,0.00457,0.02413,-0.01956
66.1998,0.00096,-0.00002,-0.00701,0.01867,0.01027,-0.00894,-0.01771,-0.01029,0.00193,0.00707,0.02311,-0.01603
66.2998,-0.00113,0.00026,0.00444,0.01665,0.01058,-0.00614,-0.01778,-0.01032,0.01058,0.00459,0.02066,-0.01607
66.3998,0.00249,-0.00188,0.00008,0.02149,0.01124,-0.01049,-0.01900,-0.01312,0.01057,0.00312,0.02642,-0.02330
66.4999,0.00075,0.00058,0.00017,0.01749,0.01020,-0.00787,-0.01674,-0.00962,0.00804,0.00096,0.02172,-0.02076
66.5999,0.00011,0.00044,0.00157,0.01832,0.01076,-0.00755,-0.01821,-0.01032,0.00912,0.00163,0.02255,-0.02092
66.6999,-0.00086,-0.00087,-0.00024,-0.13559,-0.02722,0.00145,0.13473,0.02635,-0.00169,0.00124,0.13830,-0.13706
66.7999,0.00162,0.00090,-0.00063,0.02032,0.01086,-0.00886,-0.01870,-0.00996,0.00823,0.00195,0.02468,-0.02273
66.8999,-0.00124,0.00002,0.00053,0.01639,0.01079,-0.00595,-0.01763,-0.01077,0.00648,0.00135,0.02050,-0.01916
66.9999,-0.00150,0.00133,0.00176,0.02149,0.01092,-0.01042,-0.02299,-0.00959,0.01218,0.00267,0.02626,-0.02359
67.0999,0.00298,0.00116,-0.00229,0.01912,0.01098,-0.00784,-0.01614,-0.00982,0.00555,0.00393,0.02340,-0.01947
67.1999,-0.00118,-0.00015,0.00338,0.01785,0.01129,-0.00713,-0.01903,-0.01144,0.01051,0.00359,0.02229,-0.01871
67.2999,-0.00053,-0.00197,-0.00231,0.02093,0.01131,-0.00986,-0.02146,-0.01328,0.00755,0.00308,0.02575,-0.02267
67.3999,0.00010,0.00016,-0.00234,0.02003,0.01124,-0.00794,-0.01993,-0.01108,0.00560,0.00234,0.02430,-0.02196
67.4999,0.00034,0.00065,0.00024,0.01773,0.01064,-0.00743,-0.01740,-0.00999,0.00767,0.00077,0.02197,-0.02120
67.5999,-0.00311,0.00168,0.00193,0.02144,0.01110,-0.00909,-0.02455,-0.00942,0.01102,0.00403,0.02580,-0.02177
67.6999,0.00337,-0.00157,-0.00092,-0.14698,-0.03268,0.03042,0.15035,0.03111,-0.03134,0.00383,0.15361,-0.14978
67.7999,-0.00097,-0.00061,0.00073,0.01722,0.01242,-0.00633,-0.01819,-0.01303,0.00706,0.00136,0.02216,-0.02080
67.8999,-0.00094,0.00039,0.00010,0.02172,0.01238,-0.01043,-0.02266,-0.01199,0.01053,0.00102,0.02709,-0.02607
67.9999,0.00303,0.00012,-0.00055,0.01979,0.01158,-0.00772,-0.01676,-0.01146,0.00717,0.00308,0.02419,-0.02112
68.0999,0.00147,-0.00077,0.00261,0.01853,0.01123,-0.00756,-0.01706,-0.01200,0.01017,0.00309,0.02295,-0.01986
68.1999,-0.00232,-0.00016,0.00089,0.02145,0.01168,-0.00972,-0.02377,-0.01184,0.01061,0.00249,0.02629,-0.02379
68.2999,0.00194,0.00071,-0.00230,0.02082,0.01244,-0.00808,-0.01888,-0.01173,0.00578,0.00309,0.02556,-0.02248
68.3999,-0.00101,-0.00014,-0.00014,0.01837,0.01218,-0.00766,-0.01938,-0.01232,0.00752,0.00103,0.02333,-0.02230
68.4999,-0.00127,-0.00007,-0.00047,0.02218,0.01182,-0.00980,-0.02345,-0.01189,0.00933,0.00136,0.02697,-0.02561
68.5999,0.00278,0.00105,0.00114,0.02096,0.01184,-0.00848,-0.01818,-0.01079,0.00962,0.00318,0.02552,-0.02234
68.6999,-0.00127,0.00010,0.00012,-0.17378,-0.04553,0.01836,0.17251,0.04563,-0.01824,0.00128,0.18058,-0.17930
68.7999,0.00016,-0.00072,-0.00010,0.02221,0.01264,-0.00964,-0.02205,-0.01336,0.00954,0.00075,0.02731,-0.02656
68.8999,0.00277,0.00038,-0.00120,0.02139,0.01191,-0.00923,-0.01862,-0.01153,0.00803,0.00304,0.02616,-0.02313
